"date","time","tank_num","temp_C","oxygen_conc_mgL","treatment","DO_treat","temp_treat","date_time","pH","cycle"
2024-06-05,1447,1,23.2,6.65,"control","normoxic","ambient",2024-06-05 14:47:00,7.53,"hypoxic"
2024-06-05,1449,2,23.3,6.9,"control","normoxic","ambient",2024-06-05 14:49:00,7.57,"hypoxic"
2024-06-05,1450,3,23.3,7.01,"control","normoxic","ambient",2024-06-05 14:50:00,7.59,"hypoxic"
2024-06-05,1451,4,23.2,6.58,"control","normoxic","ambient",2024-06-05 14:51:00,7.49,"hypoxic"
2024-06-05,1453,5,23.3,6.86,"control","normoxic","ambient",2024-06-05 14:53:00,7.56,"hypoxic"
2024-06-05,1453,6,23.2,6.93,"control","normoxic","ambient",2024-06-05 14:53:00,7.54,"hypoxic"
2024-06-05,1456,7,23.2,2.22,"hypoxic","hypoxic","ambient",2024-06-05 14:56:00,7.17,"hypoxic"
2024-06-05,1457,8,23.2,2.73,"hypoxic","hypoxic","ambient",2024-06-05 14:57:00,7.14,"hypoxic"
2024-06-05,1458,9,23.2,2.18,"hypoxic","hypoxic","ambient",2024-06-05 14:58:00,7.15,"hypoxic"
2024-06-05,1500,10,23.2,2.53,"hypoxic","hypoxic","ambient",2024-06-05 15:00:00,7.16,"hypoxic"
2024-06-05,1501,11,23.2,4.44,"hypoxic","hypoxic","ambient",2024-06-05 15:01:00,7.19,"hypoxic"
2024-06-05,1503,12,23.2,2.7,"hypoxic","hypoxic","ambient",2024-06-05 15:03:00,7.19,"hypoxic"
2024-06-05,1505,13,25.4,2.89,"both","hypoxic","warm",2024-06-05 15:05:00,7.27,"hypoxic"
2024-06-05,1507,14,23.6,1.66,"both","hypoxic","warm",2024-06-05 15:07:00,7.22,"hypoxic"
2024-06-05,1509,15,23.5,1.71,"both","hypoxic","warm",2024-06-05 15:09:00,7.24,"hypoxic"
2024-06-05,1510,16,23.5,1.75,"both","hypoxic","warm",2024-06-05 15:10:00,7.26,"hypoxic"
2024-06-05,1512,17,23.6,1.64,"both","hypoxic","warm",2024-06-05 15:12:00,7.21,"hypoxic"
2024-06-05,1513,18,23.5,1.63,"both","hypoxic","warm",2024-06-05 15:13:00,7.23,"hypoxic"
2024-06-05,1515,19,23.5,7.22,"warm","normoxic","warm",2024-06-05 15:15:00,7.63,"hypoxic"
2024-06-05,1516,20,23.5,7.41,"warm","normoxic","warm",2024-06-05 15:16:00,7.7,"hypoxic"
2024-06-05,1517,21,23.6,7.24,"warm","normoxic","warm",2024-06-05 15:17:00,7.54,"hypoxic"
2024-06-05,1518,22,23.5,7.36,"warm","normoxic","warm",2024-06-05 15:18:00,7.68,"hypoxic"
2024-06-05,1518,23,23.5,7.43,"warm","normoxic","warm",2024-06-05 15:18:00,7.64,"hypoxic"
2024-06-05,1519,24,23.6,7.27,"warm","normoxic","warm",2024-06-05 15:19:00,7.62,"hypoxic"
2024-06-06,1034,24,23,7.44,"warm","normoxic","warm",2024-06-06 10:34:00,7.65,"normoxic"
2024-06-06,923,23,22.9,1.68,"warm","normoxic","warm",2024-06-06 09:23:00,7,"normoxic"
2024-06-06,925,22,22.9,3.39,"warm","normoxic","warm",2024-06-06 09:25:00,6.97,"normoxic"
2024-06-06,930,21,23,2.6,"warm","normoxic","warm",2024-06-06 09:30:00,7.09,"normoxic"
2024-06-06,932,20,23,3.54,"warm","normoxic","warm",2024-06-06 09:32:00,7.03,"normoxic"
2024-06-06,934,19,23,2.96,"warm","normoxic","warm",2024-06-06 09:34:00,7.03,"normoxic"
2024-06-06,936,18,23.1,6.5,"both","hypoxic","warm",2024-06-06 09:36:00,7.21,"normoxic"
2024-06-06,939,17,23,1.62,"both","hypoxic","warm",2024-06-06 09:39:00,7.19,"normoxic"
2024-06-06,947,16,23.1,4.72,"both","hypoxic","warm",2024-06-06 09:47:00,7.13,"normoxic"
2024-06-06,950,15,23,0.76,"both","hypoxic","warm",2024-06-06 09:50:00,7.19,"normoxic"
2024-06-06,953,14,23.1,0.86,"both","hypoxic","warm",2024-06-06 09:53:00,7.17,"normoxic"
2024-06-06,955,13,23.3,1.5,"both","hypoxic","warm",2024-06-06 09:55:00,7.16,"normoxic"
2024-06-06,958,12,22.7,0.71,"hypoxic","hypoxic","ambient",2024-06-06 09:58:00,7.08,"normoxic"
2024-06-06,1000,11,22.7,0.93,"hypoxic","hypoxic","ambient",2024-06-06 10:00:00,6.99,"normoxic"
2024-06-06,1002,10,22.6,2.97,"hypoxic","hypoxic","ambient",2024-06-06 10:02:00,7.13,"normoxic"
2024-06-06,1004,9,22.7,0.67,"hypoxic","hypoxic","ambient",2024-06-06 10:04:00,7.14,"normoxic"
2024-06-06,1007,8,22.7,0.81,"hypoxic","hypoxic","ambient",2024-06-06 10:07:00,7.11,"normoxic"
2024-06-06,1009,7,22.7,0.27,"hypoxic","hypoxic","ambient",2024-06-06 10:09:00,7.19,"normoxic"
2024-06-06,1011,6,22.6,2.46,"control","normoxic","ambient",2024-06-06 10:11:00,7.06,"normoxic"
2024-06-06,1014,5,22.7,1.51,"control","normoxic","ambient",2024-06-06 10:14:00,7.03,"normoxic"
2024-06-06,1016,4,22.8,1.81,"control","normoxic","ambient",2024-06-06 10:16:00,7.05,"normoxic"
2024-06-06,1019,3,22.7,1.89,"control","normoxic","ambient",2024-06-06 10:19:00,6.99,"normoxic"
2024-06-06,1021,2,22.7,3.23,"control","normoxic","ambient",2024-06-06 10:21:00,7.01,"normoxic"
2024-06-06,1023,1,22.5,2.36,"control","normoxic","ambient",2024-06-06 10:23:00,7.01,"normoxic"
2024-06-06,1410,24,23.6,7.05,"warm","normoxic","warm",2024-06-06 14:10:00,7.6,"hypoxic"
2024-06-06,1410,23,23.6,7.11,"warm","normoxic","warm",2024-06-06 14:10:00,7.59,"hypoxic"
2024-06-06,1411,22,23.5,7.16,"warm","normoxic","warm",2024-06-06 14:11:00,7.55,"hypoxic"
2024-06-06,1412,21,23.5,6.8,"warm","normoxic","warm",2024-06-06 14:12:00,7.51,"hypoxic"
2024-06-06,1414,20,23.6,7.08,"warm","normoxic","warm",2024-06-06 14:14:00,7.63,"hypoxic"
2024-06-06,1414,19,23.6,6.98,"warm","normoxic","warm",2024-06-06 14:14:00,7.56,"hypoxic"
2024-06-06,1416,18,23.7,1.58,"both","hypoxic","warm",2024-06-06 14:16:00,7.33,"hypoxic"
2024-06-06,1418,17,23.5,1.4,"both","hypoxic","warm",2024-06-06 14:18:00,7.29,"hypoxic"
2024-06-06,1420,16,23.6,1.58,"both","hypoxic","warm",2024-06-06 14:20:00,7.29,"hypoxic"
2024-06-06,1421,15,23.5,1.62,"both","hypoxic","warm",2024-06-06 14:21:00,7.26,"hypoxic"
2024-06-06,1422,14,23.6,2.78,"both","hypoxic","warm",2024-06-06 14:22:00,7.31,"hypoxic"
2024-06-06,1424,13,23.7,1.42,"both","hypoxic","warm",2024-06-06 14:24:00,7.34,"hypoxic"
2024-06-06,1426,12,23.2,5.04,"hypoxic","hypoxic","ambient",2024-06-06 14:26:00,7.57,"hypoxic"
2024-06-06,1427,11,23,2.6,"hypoxic","hypoxic","ambient",2024-06-06 14:27:00,7.26,"hypoxic"
2024-06-06,1429,10,23.2,5.79,"hypoxic","hypoxic","ambient",2024-06-06 14:29:00,7.57,"hypoxic"
2024-06-06,1430,9,23.2,6.05,"hypoxic","hypoxic","ambient",2024-06-06 14:30:00,7.6,"hypoxic"
2024-06-06,1432,8,23.2,5.38,"hypoxic","hypoxic","ambient",2024-06-06 14:32:00,7.53,"hypoxic"
2024-06-06,1432,7,23.2,6.07,"hypoxic","hypoxic","ambient",2024-06-06 14:32:00,7.6,"hypoxic"
2024-06-06,1434,6,23.2,6.45,"control","normoxic","ambient",2024-06-06 14:34:00,7.58,"hypoxic"
2024-06-06,1435,5,23.2,6.6,"control","normoxic","ambient",2024-06-06 14:35:00,7.58,"hypoxic"
2024-06-06,1436,4,23.2,6.62,"control","normoxic","ambient",2024-06-06 14:36:00,7.64,"hypoxic"
2024-06-06,1438,3,23.2,6.57,"control","normoxic","ambient",2024-06-06 14:38:00,7.57,"hypoxic"
2024-06-06,1439,2,23.1,6.69,"control","normoxic","ambient",2024-06-06 14:39:00,7.63,"hypoxic"
2024-06-06,1440,1,23.2,6.38,"control","normoxic","ambient",2024-06-06 14:40:00,7.55,"hypoxic"
2024-06-07,857,1,22.7,6.11,"control","normoxic","ambient",2024-06-07 08:57:00,7.45,"normoxic"
2024-06-07,858,2,22.7,6.32,"control","normoxic","ambient",2024-06-07 08:58:00,7.52,"normoxic"
2024-06-07,859,3,22.7,6.24,"control","normoxic","ambient",2024-06-07 08:59:00,7.47,"normoxic"
2024-06-07,859,4,22.7,6.34,"control","normoxic","ambient",2024-06-07 08:59:00,7.48,"normoxic"
2024-06-07,901,5,22.7,6.03,"control","normoxic","ambient",2024-06-07 09:01:00,7.42,"normoxic"
2024-06-07,902,6,22.7,6.22,"control","normoxic","ambient",2024-06-07 09:02:00,7.47,"normoxic"
2024-06-07,903,7,22.7,6.66,"hypoxic","hypoxic","ambient",2024-06-07 09:03:00,7.45,"normoxic"
2024-06-07,904,8,22.7,5.4,"hypoxic","hypoxic","ambient",2024-06-07 09:04:00,7.2,"normoxic"
2024-06-07,906,9,22.7,5.99,"hypoxic","hypoxic","ambient",2024-06-07 09:06:00,7.27,"normoxic"
2024-06-07,907,10,22.7,6.85,"hypoxic","hypoxic","ambient",2024-06-07 09:07:00,7.55,"normoxic"
2024-06-07,909,11,22.7,5.93,"hypoxic","hypoxic","ambient",2024-06-07 09:09:00,7.36,"normoxic"
2024-06-07,909,12,22.7,6.19,"hypoxic","hypoxic","ambient",2024-06-07 09:09:00,7.34,"normoxic"
2024-06-07,911,13,23.7,6.7,"both","hypoxic","warm",2024-06-07 09:11:00,7.49,"normoxic"
2024-06-07,913,14,23.6,4.69,"both","hypoxic","warm",2024-06-07 09:13:00,7.11,"normoxic"
2024-06-07,920,15,23.7,6.45,"both","hypoxic","warm",2024-06-07 09:20:00,7.45,"normoxic"
2024-06-07,921,16,23.7,6.36,"both","hypoxic","warm",2024-06-07 09:21:00,7.4,"normoxic"
2024-06-07,923,17,23.7,6.1,"both","hypoxic","warm",2024-06-07 09:23:00,7.36,"normoxic"
2024-06-07,924,18,23.7,6.15,"both","hypoxic","warm",2024-06-07 09:24:00,7.37,"normoxic"
2024-06-07,925,19,23.7,6.34,"warm","normoxic","warm",2024-06-07 09:25:00,7.42,"normoxic"
2024-06-07,926,20,23.7,6.53,"warm","normoxic","warm",2024-06-07 09:26:00,7.48,"normoxic"
2024-06-07,928,21,23.5,4.66,"warm","normoxic","warm",2024-06-07 09:28:00,7.13,"normoxic"
2024-06-07,929,22,23.7,6.3,"warm","normoxic","warm",2024-06-07 09:29:00,7.42,"normoxic"
2024-06-07,931,23,23.6,5.73,"warm","normoxic","warm",2024-06-07 09:31:00,7.26,"normoxic"
2024-06-07,932,24,23.7,5.72,"warm","normoxic","warm",2024-06-07 09:32:00,7.27,"normoxic"
2024-06-07,1425,1,23,6.18,"control","normoxic","ambient",2024-06-07 14:25:00,7.41,"hypoxic"
2024-06-07,1425,2,23.1,6.51,"control","normoxic","ambient",2024-06-07 14:25:00,7.51,"hypoxic"
2024-06-07,1427,3,23,6.37,"control","normoxic","ambient",2024-06-07 14:27:00,7.51,"hypoxic"
2024-06-07,1428,4,23.1,6.47,"control","normoxic","ambient",2024-06-07 14:28:00,7.55,"hypoxic"
2024-06-07,1429,5,23.1,6.44,"control","normoxic","ambient",2024-06-07 14:29:00,7.55,"hypoxic"
2024-06-07,1430,6,23,6.54,"control","normoxic","ambient",2024-06-07 14:30:00,7.6,"hypoxic"
2024-06-07,1433,7,23,1.32,"hypoxic","hypoxic","ambient",2024-06-07 14:33:00,7.3,"hypoxic"
2024-06-07,1435,8,23,1.21,"hypoxic","hypoxic","ambient",2024-06-07 14:35:00,7.27,"hypoxic"
2024-06-07,1436,9,23,1.28,"hypoxic","hypoxic","ambient",2024-06-07 14:36:00,7.28,"hypoxic"
2024-06-07,1438,10,23,1.26,"hypoxic","hypoxic","ambient",2024-06-07 14:38:00,7.3,"hypoxic"
2024-06-07,1440,11,22.8,3.07,"hypoxic","hypoxic","ambient",2024-06-07 14:40:00,7.09,"hypoxic"
2024-06-07,1442,12,23,1.29,"hypoxic","hypoxic","ambient",2024-06-07 14:42:00,7.31,"hypoxic"
2024-06-07,1444,13,23.9,1,"both","hypoxic","warm",2024-06-07 14:44:00,7.26,"hypoxic"
2024-06-07,1446,14,23.8,1.82,"both","hypoxic","warm",2024-06-07 14:46:00,7.09,"hypoxic"
2024-06-07,1448,15,24.1,0.36,"both","hypoxic","warm",2024-06-07 14:48:00,7.42,"hypoxic"
2024-06-07,1450,16,24,0.84,"both","hypoxic","warm",2024-06-07 14:50:00,7.29,"hypoxic"
2024-06-07,1452,17,24,0.65,"both","hypoxic","warm",2024-06-07 14:52:00,7.31,"hypoxic"
2024-06-07,1454,18,24.1,0.42,"both","hypoxic","warm",2024-06-07 14:54:00,7.39,"hypoxic"
2024-06-07,1456,19,24,6.22,"warm","normoxic","warm",2024-06-07 14:56:00,7.37,"hypoxic"
2024-06-07,1457,20,23.9,5.78,"warm","normoxic","warm",2024-06-07 14:57:00,7.25,"hypoxic"
2024-06-07,1459,21,23.9,5.95,"warm","normoxic","warm",2024-06-07 14:59:00,7.3,"hypoxic"
2024-06-07,1501,22,23.7,5.49,"warm","normoxic","warm",2024-06-07 15:01:00,7.17,"hypoxic"
2024-06-07,1502,23,23.9,6.13,"warm","normoxic","warm",2024-06-07 15:02:00,7.3,"hypoxic"
2024-06-07,1503,24,24.1,6.71,"warm","normoxic","warm",2024-06-07 15:03:00,7.51,"hypoxic"
2024-06-08,927,24,24,7.37,"warm","normoxic","warm",2024-06-08 09:27:00,7.78,"normoxic"
2024-06-08,900,23,23.7,5.86,"warm","normoxic","warm",2024-06-08 09:00:00,7.28,"normoxic"
2024-06-08,901,22,23.9,6.83,"warm","normoxic","warm",2024-06-08 09:01:00,7.48,"normoxic"
2024-06-08,902,21,23.9,6.74,"warm","normoxic","warm",2024-06-08 09:02:00,7.41,"normoxic"
2024-06-08,903,20,23.9,6.63,"warm","normoxic","warm",2024-06-08 09:03:00,7.37,"normoxic"
2024-06-08,904,19,23.9,6.82,"warm","normoxic","warm",2024-06-08 09:04:00,7.44,"normoxic"
2024-06-08,905,18,24.1,7.01,"both","hypoxic","warm",2024-06-08 09:05:00,7.6,"normoxic"
2024-06-08,907,17,23.5,1.87,"both","hypoxic","warm",2024-06-08 09:07:00,7.16,"normoxic"
2024-06-08,908,16,23.8,5.38,"both","hypoxic","warm",2024-06-08 09:08:00,7.18,"normoxic"
2024-06-08,909,15,24,6.31,"both","hypoxic","warm",2024-06-08 09:09:00,7.39,"normoxic"
2024-06-08,910,14,24,6.48,"both","hypoxic","warm",2024-06-08 09:10:00,7.38,"normoxic"
2024-06-08,912,13,23,6.93,"both","hypoxic","warm",2024-06-08 09:12:00,7.53,"normoxic"
2024-06-08,914,12,22.9,6.15,"hypoxic","hypoxic","ambient",2024-06-08 09:14:00,7.32,"normoxic"
2024-06-08,915,11,23,6.78,"hypoxic","hypoxic","ambient",2024-06-08 09:15:00,7.49,"normoxic"
2024-06-08,916,10,23,6.95,"hypoxic","hypoxic","ambient",2024-06-08 09:16:00,7.56,"normoxic"
2024-06-08,917,9,23,6.78,"hypoxic","hypoxic","ambient",2024-06-08 09:17:00,7.51,"normoxic"
2024-06-08,918,8,23,7,"hypoxic","hypoxic","ambient",2024-06-08 09:18:00,7.55,"normoxic"
2024-06-08,920,7,23,6.42,"hypoxic","hypoxic","ambient",2024-06-08 09:20:00,7.51,"normoxic"
2024-06-08,921,6,23,6.61,"control","normoxic","ambient",2024-06-08 09:21:00,7.53,"normoxic"
2024-06-08,922,5,23,6.6,"control","normoxic","ambient",2024-06-08 09:22:00,7.52,"normoxic"
2024-06-08,923,4,23,6.63,"control","normoxic","ambient",2024-06-08 09:23:00,7.49,"normoxic"
2024-06-08,923,3,23,6.72,"control","normoxic","ambient",2024-06-08 09:23:00,7.56,"normoxic"
2024-06-08,925,2,22.9,6.43,"control","normoxic","ambient",2024-06-08 09:25:00,7.48,"normoxic"
2024-06-08,927,1,24,7.37,"control","normoxic","ambient",2024-06-08 09:27:00,7.78,"normoxic"
2024-06-09,919,24,24.5,6.87,"warm","normoxic","warm",2024-06-09 09:19:00,7.63,"normoxic"
2024-06-09,920,23,24.4,6.16,"warm","normoxic","warm",2024-06-09 09:20:00,7.38,"normoxic"
2024-06-09,921,22,24.4,6.33,"warm","normoxic","warm",2024-06-09 09:21:00,7.4,"normoxic"
2024-06-09,922,21,24.6,6.92,"warm","normoxic","warm",2024-06-09 09:22:00,7.65,"normoxic"
2024-06-09,923,20,24.6,7.02,"warm","normoxic","warm",2024-06-09 09:23:00,7.65,"normoxic"
2024-06-09,923,19,24.5,6.98,"warm","normoxic","warm",2024-06-09 09:23:00,7.65,"normoxic"
2024-06-09,925,18,24.6,6.95,"both","hypoxic","warm",2024-06-09 09:25:00,7.14,"normoxic"
2024-06-09,926,17,24.5,6.61,"both","hypoxic","warm",2024-06-09 09:26:00,7.09,"normoxic"
2024-06-09,927,16,24.5,6.87,"both","hypoxic","warm",2024-06-09 09:27:00,7.11,"normoxic"
2024-06-09,929,15,24.5,6.58,"both","hypoxic","warm",2024-06-09 09:29:00,7.07,"normoxic"
2024-06-09,930,14,24.5,6.64,"both","hypoxic","warm",2024-06-09 09:30:00,7.07,"normoxic"
2024-06-09,930,13,24.5,6.95,"both","hypoxic","warm",2024-06-09 09:30:00,7.12,"normoxic"
2024-06-09,932,12,23.5,6.88,"hypoxic","hypoxic","ambient",2024-06-09 09:32:00,7.7,"normoxic"
2024-06-09,933,11,23.3,5.65,"hypoxic","hypoxic","ambient",2024-06-09 09:33:00,7.29,"normoxic"
2024-06-09,934,10,23.5,6.83,"hypoxic","hypoxic","ambient",2024-06-09 09:34:00,7.64,"normoxic"
2024-06-09,935,9,23.4,6.83,"hypoxic","hypoxic","ambient",2024-06-09 09:35:00,7.63,"normoxic"
2024-06-09,935,8,23.5,6.82,"hypoxic","hypoxic","ambient",2024-06-09 09:35:00,7.62,"normoxic"
2024-06-09,936,7,23.5,6.92,"hypoxic","hypoxic","ambient",2024-06-09 09:36:00,7.65,"normoxic"
2024-06-09,937,6,23.4,6.98,"control","normoxic","ambient",2024-06-09 09:37:00,7.69,"normoxic"
2024-06-09,938,5,23.4,6.85,"control","normoxic","ambient",2024-06-09 09:38:00,7.68,"normoxic"
2024-06-09,939,4,23.5,6.7,"control","normoxic","ambient",2024-06-09 09:39:00,7.67,"normoxic"
2024-06-09,941,3,23.4,6.6,"control","normoxic","ambient",2024-06-09 09:41:00,7.64,"normoxic"
2024-06-09,942,2,23.5,6.86,"control","normoxic","ambient",2024-06-09 09:42:00,7.7,"normoxic"
2024-06-09,943,1,23.4,6.68,"control","normoxic","ambient",2024-06-09 09:43:00,7.64,"normoxic"
2024-06-09,1404,24,24.6,6.29,"warm","normoxic","warm",2024-06-09 14:04:00,7.49,"hypoxic"
2024-06-09,1405,23,24.6,6.46,"warm","normoxic","warm",2024-06-09 14:05:00,7.57,"hypoxic"
2024-06-09,1405,22,24.6,6.43,"warm","normoxic","warm",2024-06-09 14:05:00,7.54,"hypoxic"
2024-06-09,1406,21,24.6,6.44,"warm","normoxic","warm",2024-06-09 14:06:00,7.58,"hypoxic"
2024-06-09,1407,20,24.7,6.44,"warm","normoxic","warm",2024-06-09 14:07:00,7.59,"hypoxic"
2024-06-09,1407,19,24.7,6.42,"warm","normoxic","warm",2024-06-09 14:07:00,7.58,"hypoxic"
2024-06-09,1409,18,24.6,0.65,"both","hypoxic","warm",2024-06-09 14:09:00,7.49,"hypoxic"
2024-06-09,1411,17,24.5,0.95,"both","hypoxic","warm",2024-06-09 14:11:00,7.35,"hypoxic"
2024-06-09,1412,16,24.6,0.92,"both","hypoxic","warm",2024-06-09 14:12:00,7.45,"hypoxic"
2024-06-09,1414,15,24.5,0.79,"both","hypoxic","warm",2024-06-09 14:14:00,7.4,"hypoxic"
2024-06-09,1415,14,24.6,1,"both","hypoxic","warm",2024-06-09 14:15:00,7.4,"hypoxic"
2024-06-09,1416,13,24.6,0.64,"both","hypoxic","warm",2024-06-09 14:16:00,7.48,"hypoxic"
2024-06-09,1417,12,23.6,2.06,"hypoxic","hypoxic","ambient",2024-06-09 14:17:00,7.34,"hypoxic"
2024-06-09,1419,11,23.5,1.79,"hypoxic","hypoxic","ambient",2024-06-09 14:19:00,7.25,"hypoxic"
2024-06-09,1420,10,23.6,2.14,"hypoxic","hypoxic","ambient",2024-06-09 14:20:00,7.31,"hypoxic"
2024-06-09,1421,9,23.6,1.75,"hypoxic","hypoxic","ambient",2024-06-09 14:21:00,7.3,"hypoxic"
2024-06-09,1423,8,23.6,1.79,"hypoxic","hypoxic","ambient",2024-06-09 14:23:00,7.29,"hypoxic"
2024-06-09,1424,7,23.6,2.07,"hypoxic","hypoxic","ambient",2024-06-09 14:24:00,7.32,"hypoxic"
2024-06-09,1425,6,23.6,6.32,"control","normoxic","ambient",2024-06-09 14:25:00,7.57,"hypoxic"
2024-06-09,1426,5,23.6,6.52,"control","normoxic","ambient",2024-06-09 14:26:00,7.62,"hypoxic"
2024-06-09,1427,4,23.6,6.5,"control","normoxic","ambient",2024-06-09 14:27:00,7.59,"hypoxic"
2024-06-09,1427,3,23.6,6.49,"control","normoxic","ambient",2024-06-09 14:27:00,7.58,"hypoxic"
2024-06-09,1429,2,23.7,6.57,"control","normoxic","ambient",2024-06-09 14:29:00,7.65,"hypoxic"
2024-06-09,1430,1,23.6,6.43,"control","normoxic","ambient",2024-06-09 14:30:00,7.58,"hypoxic"
2024-06-10,900,1,23.3,6.54,"control","normoxic","ambient",2024-06-10 09:00:00,7.59,"normoxic"
2024-06-10,901,2,23.3,6.7,"control","normoxic","ambient",2024-06-10 09:01:00,7.66,"normoxic"
2024-06-10,902,3,23.3,6.47,"control","normoxic","ambient",2024-06-10 09:02:00,7.61,"normoxic"
2024-06-10,904,4,23.3,6.53,"control","normoxic","ambient",2024-06-10 09:04:00,7.62,"normoxic"
2024-06-10,905,5,23.3,6.14,"control","normoxic","ambient",2024-06-10 09:05:00,7.46,"normoxic"
2024-06-10,907,6,23.2,6.57,"control","normoxic","ambient",2024-06-10 09:07:00,7.61,"normoxic"
2024-06-10,908,7,23.3,4.51,"hypoxic","hypoxic","ambient",2024-06-10 09:08:00,7.3,"normoxic"
2024-06-10,910,8,23.3,3.94,"hypoxic","hypoxic","ambient",2024-06-10 09:10:00,7.3,"normoxic"
2024-06-10,912,9,23.3,3.77,"hypoxic","hypoxic","ambient",2024-06-10 09:12:00,7.34,"normoxic"
2024-06-10,913,10,23.3,3.92,"hypoxic","hypoxic","ambient",2024-06-10 09:13:00,7.34,"normoxic"
2024-06-10,914,11,23.3,5.06,"hypoxic","hypoxic","ambient",2024-06-10 09:14:00,7.19,"normoxic"
2024-06-10,916,12,23.3,3.32,"hypoxic","hypoxic","ambient",2024-06-10 09:16:00,7.46,"normoxic"
2024-06-10,917,13,24.4,3.37,"both","hypoxic","warm",2024-06-10 09:17:00,7.7,"normoxic"
2024-06-10,918,14,24.4,4.76,"both","hypoxic","warm",2024-06-10 09:18:00,7.54,"normoxic"
2024-06-10,919,15,24.3,4.9,"both","hypoxic","warm",2024-06-10 09:19:00,7.56,"normoxic"
2024-06-10,919,16,24.4,4.83,"both","hypoxic","warm",2024-06-10 09:19:00,7.6,"normoxic"
2024-06-10,920,17,24.3,4.92,"both","hypoxic","warm",2024-06-10 09:20:00,7.57,"normoxic"
2024-06-10,922,18,24.4,3.09,"both","hypoxic","warm",2024-06-10 09:22:00,7.74,"normoxic"
2024-06-10,923,19,24.4,6.74,"warm","normoxic","warm",2024-06-10 09:23:00,7.63,"normoxic"
2024-06-10,924,20,24.4,6.95,"warm","normoxic","warm",2024-06-10 09:24:00,7.63,"normoxic"
2024-06-10,925,21,24.4,6.68,"warm","normoxic","warm",2024-06-10 09:25:00,7.56,"normoxic"
2024-06-10,926,22,24.4,6.85,"warm","normoxic","warm",2024-06-10 09:26:00,7.61,"normoxic"
2024-06-10,927,23,24.2,6.32,"warm","normoxic","warm",2024-06-10 09:27:00,7.43,"normoxic"
2024-06-10,928,24,24.4,6.64,"warm","normoxic","warm",2024-06-10 09:28:00,7.52,"normoxic"
2024-06-10,1356,1,23.6,6.52,"control","normoxic","ambient",2024-06-10 13:56:00,7.58,"hypoxic"
2024-06-10,1358,2,23.7,6.64,"control","normoxic","ambient",2024-06-10 13:58:00,7.66,"hypoxic"
2024-06-10,1400,3,23.6,6.48,"control","normoxic","ambient",2024-06-10 14:00:00,7.63,"hypoxic"
2024-06-10,1402,4,23.6,6.56,"control","normoxic","ambient",2024-06-10 14:02:00,7.65,"hypoxic"
2024-06-10,1403,5,23.6,6.63,"control","normoxic","ambient",2024-06-10 14:03:00,7.6,"hypoxic"
2024-06-10,1405,6,23.5,6.55,"control","normoxic","ambient",2024-06-10 14:05:00,7.6,"hypoxic"
2024-06-10,1408,7,23.6,1.33,"hypoxic","hypoxic","ambient",2024-06-10 14:08:00,7.41,"hypoxic"
2024-06-10,1410,8,23.6,1.31,"hypoxic","hypoxic","ambient",2024-06-10 14:10:00,7.39,"hypoxic"
2024-06-10,1412,9,23.5,1.33,"hypoxic","hypoxic","ambient",2024-06-10 14:12:00,7.41,"hypoxic"
2024-06-10,1419,10,23.6,1.75,"hypoxic","hypoxic","ambient",2024-06-10 14:19:00,7.39,"hypoxic"
2024-06-10,1421,11,23.5,1.59,"hypoxic","hypoxic","ambient",2024-06-10 14:21:00,7.39,"hypoxic"
2024-06-10,1423,12,23.6,2.43,"hypoxic","hypoxic","ambient",2024-06-10 14:23:00,7.42,"hypoxic"
2024-06-10,1425,13,24.6,0.96,"both","hypoxic","warm",2024-06-10 14:25:00,7.42,"hypoxic"
2024-06-10,1426,14,24.6,1.22,"both","hypoxic","warm",2024-06-10 14:26:00,7.34,"hypoxic"
2024-06-10,1428,15,24.6,1.08,"both","hypoxic","warm",2024-06-10 14:28:00,7.42,"hypoxic"
2024-06-10,1430,16,24.7,1.12,"both","hypoxic","warm",2024-06-10 14:30:00,7.44,"hypoxic"
2024-06-10,1432,17,24.6,1.11,"both","hypoxic","warm",2024-06-10 14:32:00,7.43,"hypoxic"
2024-06-10,1434,18,24.7,0.99,"both","hypoxic","warm",2024-06-10 14:34:00,7.5,"hypoxic"
2024-06-10,1436,19,24.7,6.28,"warm","normoxic","warm",2024-06-10 14:36:00,7.61,"hypoxic"
2024-06-10,1437,20,24.7,6.43,"warm","normoxic","warm",2024-06-10 14:37:00,7.62,"hypoxic"
2024-06-10,1438,21,24.6,6.24,"warm","normoxic","warm",2024-06-10 14:38:00,7.58,"hypoxic"
2024-06-10,1440,22,24.6,6.31,"warm","normoxic","warm",2024-06-10 14:40:00,7.59,"hypoxic"
2024-06-10,1442,23,23.8,5.34,"warm","normoxic","warm",2024-06-10 14:42:00,7.26,"hypoxic"
2024-06-10,1443,24,24.6,6.28,"warm","normoxic","warm",2024-06-10 14:43:00,7.55,"hypoxic"
2024-06-11,928,24,25,7.02,"warm","normoxic","warm",2024-06-11 09:28:00,7.81,"normoxic"
2024-06-11,929,23,24.9,6.59,"warm","normoxic","warm",2024-06-11 09:29:00,7.63,"normoxic"
2024-06-11,931,22,25.1,6.98,"warm","normoxic","warm",2024-06-11 09:31:00,7.78,"normoxic"
2024-06-11,932,21,25.1,7.04,"warm","normoxic","warm",2024-06-11 09:32:00,7.81,"normoxic"
2024-06-11,934,20,25.1,6.88,"warm","normoxic","warm",2024-06-11 09:34:00,7.74,"normoxic"
2024-06-11,935,19,25.1,7.04,"warm","normoxic","warm",2024-06-11 09:35:00,7.82,"normoxic"
2024-06-11,937,18,25,6.75,"both","hypoxic","warm",2024-06-11 09:37:00,7.71,"normoxic"
2024-06-11,939,17,25.1,7.1,"both","hypoxic","warm",2024-06-11 09:39:00,7.82,"normoxic"
2024-06-11,940,16,25.1,7.11,"both","hypoxic","warm",2024-06-11 09:40:00,7.82,"normoxic"
2024-06-11,942,15,25.1,6.98,"both","hypoxic","warm",2024-06-11 09:42:00,7.83,"normoxic"
2024-06-11,943,14,25,6.92,"both","hypoxic","warm",2024-06-11 09:43:00,7.74,"normoxic"
2024-06-11,945,13,25.1,7.08,"both","hypoxic","warm",2024-06-11 09:45:00,7.76,"normoxic"
2024-06-11,947,12,23.6,6.82,"hypoxic","hypoxic","ambient",2024-06-11 09:47:00,7.76,"normoxic"
2024-06-11,949,11,23.6,6.68,"hypoxic","hypoxic","ambient",2024-06-11 09:49:00,7.72,"normoxic"
2024-06-11,951,10,23.6,6.71,"hypoxic","hypoxic","ambient",2024-06-11 09:51:00,7.71,"normoxic"
2024-06-11,952,9,23.6,6.88,"hypoxic","hypoxic","ambient",2024-06-11 09:52:00,7.67,"normoxic"
2024-06-11,953,8,23.6,6.7,"hypoxic","hypoxic","ambient",2024-06-11 09:53:00,7.72,"normoxic"
2024-06-11,955,7,23.7,6.86,"hypoxic","hypoxic","ambient",2024-06-11 09:55:00,7.68,"normoxic"
2024-06-11,957,6,23.6,6.97,"control","normoxic","ambient",2024-06-11 09:57:00,7.85,"normoxic"
2024-06-11,958,5,23.6,7.01,"control","normoxic","ambient",2024-06-11 09:58:00,7.79,"normoxic"
2024-06-11,1000,4,23.7,6.96,"control","normoxic","ambient",2024-06-11 10:00:00,7.86,"normoxic"
2024-06-11,1001,3,23.6,6.94,"control","normoxic","ambient",2024-06-11 10:01:00,7.85,"normoxic"
2024-06-11,1003,2,23.7,7.09,"control","normoxic","ambient",2024-06-11 10:03:00,7.92,"normoxic"
2024-06-11,1005,1,23.6,6.96,"control","normoxic","ambient",2024-06-11 10:05:00,7.85,"normoxic"
2024-06-11,1411,24,27.1,6.89,"warm","normoxic","warm",2024-06-11 14:11:00,7.8,"hypoxic"
2024-06-11,1412,23,26.3,6.56,"warm","normoxic","warm",2024-06-11 14:12:00,7.68,"hypoxic"
2024-06-11,1414,22,27,6.82,"warm","normoxic","warm",2024-06-11 14:14:00,7.83,"hypoxic"
2024-06-11,1415,21,27.3,6.86,"warm","normoxic","warm",2024-06-11 14:15:00,7.88,"hypoxic"
2024-06-11,1417,20,26.9,6.72,"warm","normoxic","warm",2024-06-11 14:17:00,7.78,"hypoxic"
2024-06-11,1419,19,27.4,6.83,"warm","normoxic","warm",2024-06-11 14:19:00,7.86,"hypoxic"
2024-06-11,1421,18,26.9,6.52,"both","hypoxic","warm",2024-06-11 14:21:00,7.06,"hypoxic"
2024-06-11,1423,17,27.3,6.8,"both","hypoxic","warm",2024-06-11 14:23:00,7.07,"hypoxic"
2024-06-11,1424,16,27.4,6.78,"both","hypoxic","warm",2024-06-11 14:24:00,7.06,"hypoxic"
2024-06-11,1426,15,27.4,6.74,"both","hypoxic","warm",2024-06-11 14:26:00,7.07,"hypoxic"
2024-06-11,1428,14,27.1,6.64,"both","hypoxic","warm",2024-06-11 14:28:00,7.1,"hypoxic"
2024-06-11,1429,13,27.7,6.78,"both","hypoxic","warm",2024-06-11 14:29:00,7.04,"hypoxic"
2024-06-11,1432,12,24.3,2.24,"hypoxic","hypoxic","ambient",2024-06-11 14:32:00,7.52,"hypoxic"
2024-06-11,1435,11,24.3,2.31,"hypoxic","hypoxic","ambient",2024-06-11 14:35:00,7.52,"hypoxic"
2024-06-11,1437,10,24.3,2.15,"hypoxic","hypoxic","ambient",2024-06-11 14:37:00,7.5,"hypoxic"
2024-06-11,1439,9,24.3,2.18,"hypoxic","hypoxic","ambient",2024-06-11 14:39:00,7.52,"hypoxic"
2024-06-11,1441,8,24.3,2.17,"hypoxic","hypoxic","ambient",2024-06-11 14:41:00,7.55,"hypoxic"
2024-06-11,1443,7,24.3,2.16,"hypoxic","hypoxic","ambient",2024-06-11 14:43:00,7.52,"hypoxic"
2024-06-11,1446,6,24.4,7.18,"control","normoxic","ambient",2024-06-11 14:46:00,7.91,"hypoxic"
2024-06-11,1447,5,24.3,7.33,"control","normoxic","ambient",2024-06-11 14:47:00,7.91,"hypoxic"
2024-06-11,1449,4,24.4,7.28,"control","normoxic","ambient",2024-06-11 14:49:00,7.95,"hypoxic"
2024-06-11,1451,3,24.3,7.2,"control","normoxic","ambient",2024-06-11 14:51:00,7.92,"hypoxic"
2024-06-11,1452,2,24.4,7.41,"control","normoxic","ambient",2024-06-11 14:52:00,7.97,"hypoxic"
2024-06-11,1452,1,24.3,7.34,"control","normoxic","ambient",2024-06-11 14:52:00,7.93,"hypoxic"
2024-06-11,1643,24,27.8,6.52,"warm","normoxic","warm",2024-06-11 16:43:00,7.85,"hypoxic"
2024-06-11,1645,23,27.2,6.2,"warm","normoxic","warm",2024-06-11 16:45:00,7.68,"hypoxic"
2024-06-11,1646,22,27.7,6.46,"warm","normoxic","warm",2024-06-11 16:46:00,7.83,"hypoxic"
2024-06-11,1646,21,27.9,6.54,"warm","normoxic","warm",2024-06-11 16:46:00,7.89,"hypoxic"
2024-06-11,1648,20,27.7,6.3,"warm","normoxic","warm",2024-06-11 16:48:00,7.79,"hypoxic"
2024-06-11,1649,19,27.9,6.48,"warm","normoxic","warm",2024-06-11 16:49:00,7.89,"hypoxic"
2024-06-11,1651,18,27.6,2.36,"both","hypoxic","warm",2024-06-11 16:51:00,7.31,"hypoxic"
2024-06-11,1652,17,27.9,2.03,"both","hypoxic","warm",2024-06-11 16:52:00,7.37,"hypoxic"
2024-06-11,1654,16,27.9,2.02,"both","hypoxic","warm",2024-06-11 16:54:00,7.38,"hypoxic"
2024-06-11,1655,15,27.9,2.02,"both","hypoxic","warm",2024-06-11 16:55:00,7.37,"hypoxic"
2024-06-11,1657,14,27.8,2.45,"both","hypoxic","warm",2024-06-11 16:57:00,7.31,"hypoxic"
2024-06-11,1658,13,28,1.58,"both","hypoxic","warm",2024-06-11 16:58:00,7.4,"hypoxic"
2024-06-11,1700,12,24.4,2.24,"hypoxic","hypoxic","ambient",2024-06-11 17:00:00,7.58,"hypoxic"
2024-06-11,1702,11,24.3,2.15,"hypoxic","hypoxic","ambient",2024-06-11 17:02:00,7.52,"hypoxic"
2024-06-11,1703,10,24.3,2.19,"hypoxic","hypoxic","ambient",2024-06-11 17:03:00,7.55,"hypoxic"
2024-06-11,1705,9,24.3,2.08,"hypoxic","hypoxic","ambient",2024-06-11 17:05:00,7.54,"hypoxic"
2024-06-11,1707,8,24.3,2.09,"hypoxic","hypoxic","ambient",2024-06-11 17:07:00,7.55,"hypoxic"
2024-06-11,1708,7,24.3,2.17,"hypoxic","hypoxic","ambient",2024-06-11 17:08:00,7.56,"hypoxic"
2024-06-11,1710,6,24.3,7.24,"control","normoxic","ambient",2024-06-11 17:10:00,8.04,"hypoxic"
2024-06-11,1711,5,24.3,7.45,"control","normoxic","ambient",2024-06-11 17:11:00,8.02,"hypoxic"
2024-06-11,1712,4,24.3,7.52,"control","normoxic","ambient",2024-06-11 17:12:00,8.1,"hypoxic"
2024-06-11,1713,3,24.3,7.43,"control","normoxic","ambient",2024-06-11 17:13:00,8.03,"hypoxic"
2024-06-11,1714,2,24.3,7.54,"control","normoxic","ambient",2024-06-11 17:14:00,8.1,"hypoxic"
2024-06-11,1714,1,24.3,7.42,"control","normoxic","ambient",2024-06-11 17:14:00,8.03,"hypoxic"
2024-06-12,903,1,23.6,6.76,"control","normoxic","ambient",2024-06-12 09:03:00,7.94,"normoxic"
2024-06-12,904,2,23.6,6.9,"control","normoxic","ambient",2024-06-12 09:04:00,8,"normoxic"
2024-06-12,904,3,23.5,6.9,"control","normoxic","ambient",2024-06-12 09:04:00,7.93,"normoxic"
2024-06-12,905,4,23.6,6.93,"control","normoxic","ambient",2024-06-12 09:05:00,7.97,"normoxic"
2024-06-12,906,5,23.6,6.86,"control","normoxic","ambient",2024-06-12 09:06:00,7.92,"normoxic"
2024-06-12,906,6,23.6,6.86,"control","normoxic","ambient",2024-06-12 09:06:00,7.93,"normoxic"
2024-06-12,908,7,23.6,7.02,"hypoxic","hypoxic","ambient",2024-06-12 09:08:00,7.95,"normoxic"
2024-06-12,909,8,23.6,7.07,"hypoxic","hypoxic","ambient",2024-06-12 09:09:00,7.94,"normoxic"
2024-06-12,909,9,23.6,7.07,"hypoxic","hypoxic","ambient",2024-06-12 09:09:00,7.9,"normoxic"
2024-06-12,910,10,23.6,6.96,"hypoxic","hypoxic","ambient",2024-06-12 09:10:00,7.9,"normoxic"
2024-06-12,911,11,23.6,6.94,"hypoxic","hypoxic","ambient",2024-06-12 09:11:00,7.88,"normoxic"
2024-06-12,911,12,23.6,7.06,"hypoxic","hypoxic","ambient",2024-06-12 09:11:00,7.96,"normoxic"
2024-06-12,913,13,27.5,6.79,"both","hypoxic","warm",2024-06-12 09:13:00,7.82,"normoxic"
2024-06-12,913,14,27.5,6.69,"both","hypoxic","warm",2024-06-12 09:13:00,7.75,"normoxic"
2024-06-12,914,15,27.5,6.76,"both","hypoxic","warm",2024-06-12 09:14:00,7.83,"normoxic"
2024-06-12,915,16,27.5,6.74,"both","hypoxic","warm",2024-06-12 09:15:00,7.84,"normoxic"
2024-06-12,916,17,27.5,6.76,"both","hypoxic","warm",2024-06-12 09:16:00,7.84,"normoxic"
2024-06-12,917,18,27.5,6.65,"both","hypoxic","warm",2024-06-12 09:17:00,7.79,"normoxic"
2024-06-12,918,19,27.4,6.71,"warm","normoxic","warm",2024-06-12 09:18:00,7.81,"normoxic"
2024-06-12,919,20,27.4,6.57,"warm","normoxic","warm",2024-06-12 09:19:00,7.74,"normoxic"
2024-06-12,920,21,27.7,6.89,"warm","normoxic","warm",2024-06-12 09:20:00,7.92,"normoxic"
2024-06-12,921,22,27.4,6.54,"warm","normoxic","warm",2024-06-12 09:21:00,7.76,"normoxic"
2024-06-12,922,23,27.3,6.4,"warm","normoxic","warm",2024-06-12 09:22:00,7.71,"normoxic"
2024-06-12,923,24,27.6,6.76,"warm","normoxic","warm",2024-06-12 09:23:00,7.85,"normoxic"
2024-06-12,1545,1,24.3,6.83,"control","normoxic","ambient",2024-06-12 15:45:00,7.93,"hypoxic"
2024-06-12,1545,2,24.4,6.93,"control","normoxic","ambient",2024-06-12 15:45:00,7.99,"hypoxic"
2024-06-12,1547,3,24.3,6.8,"control","normoxic","ambient",2024-06-12 15:47:00,7.94,"hypoxic"
2024-06-12,1548,4,24.4,6.89,"control","normoxic","ambient",2024-06-12 15:48:00,7.98,"hypoxic"
2024-06-12,1548,5,24.4,6.86,"control","normoxic","ambient",2024-06-12 15:48:00,7.94,"hypoxic"
2024-06-12,1549,6,24.4,6.83,"control","normoxic","ambient",2024-06-12 15:49:00,7.98,"hypoxic"
2024-06-12,1551,7,24.4,1.62,"hypoxic","hypoxic","ambient",2024-06-12 15:51:00,7.64,"hypoxic"
2024-06-12,1552,8,24.4,1.63,"hypoxic","hypoxic","ambient",2024-06-12 15:52:00,7.61,"hypoxic"
2024-06-12,1554,9,24.4,1.66,"hypoxic","hypoxic","ambient",2024-06-12 15:54:00,7.6,"hypoxic"
2024-06-12,1555,10,24.4,1.68,"hypoxic","hypoxic","ambient",2024-06-12 15:55:00,7.61,"hypoxic"
2024-06-12,1556,11,24.3,2.03,"hypoxic","hypoxic","ambient",2024-06-12 15:56:00,7.58,"hypoxic"
2024-06-12,1556,12,24.4,1.85,"hypoxic","hypoxic","ambient",2024-06-12 15:56:00,7.65,"hypoxic"
2024-06-12,1558,13,26.5,2.29,"both","hypoxic","warm",2024-06-12 15:58:00,7.46,"hypoxic"
2024-06-12,1559,14,26.4,2.69,"both","hypoxic","warm",2024-06-12 15:59:00,7.53,"hypoxic"
2024-06-12,1600,15,26.5,2.74,"both","hypoxic","warm",2024-06-12 16:00:00,7.51,"hypoxic"
2024-06-12,1601,16,26.4,2.62,"both","hypoxic","warm",2024-06-12 16:01:00,7.54,"hypoxic"
2024-06-12,1602,17,26.5,2.52,"both","hypoxic","warm",2024-06-12 16:02:00,7.51,"hypoxic"
2024-06-12,1603,18,26.3,2.84,"both","hypoxic","warm",2024-06-12 16:03:00,7.55,"hypoxic"
2024-06-12,1605,19,26.4,7.42,"warm","normoxic","warm",2024-06-12 16:05:00,8.13,"hypoxic"
2024-06-12,1606,20,26.4,7.8,"warm","normoxic","warm",2024-06-12 16:06:00,8.25,"hypoxic"
2024-06-12,1606,21,26.5,7.66,"warm","normoxic","warm",2024-06-12 16:06:00,8.19,"hypoxic"
2024-06-12,1607,22,26.4,7.65,"warm","normoxic","warm",2024-06-12 16:07:00,8.22,"hypoxic"
2024-06-12,1609,23,26.6,6.98,"warm","normoxic","warm",2024-06-12 16:09:00,8.06,"hypoxic"
2024-06-12,1610,24,26.4,7.78,"warm","normoxic","warm",2024-06-12 16:10:00,8.24,"hypoxic"
2024-06-13,844,24,26.3,7.25,"warm","normoxic","warm",2024-06-13 08:44:00,8.14,"normoxic"
2024-06-13,845,23,25.9,6.25,"warm","normoxic","warm",2024-06-13 08:45:00,7.74,"normoxic"
2024-06-13,847,22,25.5,5.02,"warm","normoxic","warm",2024-06-13 08:47:00,7.45,"normoxic"
2024-06-13,848,21,26.2,6.72,"warm","normoxic","warm",2024-06-13 08:48:00,7.96,"normoxic"
2024-06-13,849,20,26.2,6.85,"warm","normoxic","warm",2024-06-13 08:49:00,7.96,"normoxic"
2024-06-13,850,19,26,6.35,"warm","normoxic","warm",2024-06-13 08:50:00,7.79,"normoxic"
2024-06-13,852,18,26.3,6.82,"both","hypoxic","warm",2024-06-13 08:52:00,8.01,"normoxic"
2024-06-13,859,17,26.2,6.6,"both","hypoxic","warm",2024-06-13 08:59:00,7.93,"normoxic"
2024-06-13,900,16,26.2,6.45,"both","hypoxic","warm",2024-06-13 09:00:00,7.87,"normoxic"
2024-06-13,901,15,26.2,6.47,"both","hypoxic","warm",2024-06-13 09:01:00,7.9,"normoxic"
2024-06-13,902,14,26.2,6.63,"both","hypoxic","warm",2024-06-13 09:02:00,7.9,"normoxic"
2024-06-13,904,13,26,5.82,"both","hypoxic","warm",2024-06-13 09:04:00,7.67,"normoxic"
2024-06-13,905,12,24.1,6.83,"hypoxic","hypoxic","ambient",2024-06-13 09:05:00,7.88,"normoxic"
2024-06-13,906,11,24,6.91,"hypoxic","hypoxic","ambient",2024-06-13 09:06:00,7.84,"normoxic"
2024-06-13,908,10,24,6.75,"hypoxic","hypoxic","ambient",2024-06-13 09:08:00,7.86,"normoxic"
2024-06-13,908,9,24.1,6.87,"hypoxic","hypoxic","ambient",2024-06-13 09:08:00,7.86,"normoxic"
2024-06-13,909,8,24.1,6.82,"hypoxic","hypoxic","ambient",2024-06-13 09:09:00,7.82,"normoxic"
2024-06-13,910,7,24,6.86,"hypoxic","hypoxic","ambient",2024-06-13 09:10:00,7.84,"normoxic"
2024-06-13,913,6,24,6.91,"control","normoxic","ambient",2024-06-13 09:13:00,7.95,"normoxic"
2024-06-13,913,5,24,6.96,"control","normoxic","ambient",2024-06-13 09:13:00,7.91,"normoxic"
2024-06-13,914,4,24.1,7.11,"control","normoxic","ambient",2024-06-13 09:14:00,8.02,"normoxic"
2024-06-13,915,3,24,6.88,"control","normoxic","ambient",2024-06-13 09:15:00,7.96,"normoxic"
2024-06-13,916,2,24.1,7.14,"control","normoxic","ambient",2024-06-13 09:16:00,8.04,"normoxic"
2024-06-13,917,1,24.1,7.03,"control","normoxic","ambient",2024-06-13 09:17:00,7.97,"normoxic"
2024-06-13,1534,24,26.7,6.57,"warm","normoxic","warm",2024-06-13 15:34:00,7.88,"hypoxic"
2024-06-13,1535,23,26.5,6.34,"warm","normoxic","warm",2024-06-13 15:35:00,7.78,"hypoxic"
2024-06-13,1537,22,25.8,4.82,"warm","normoxic","warm",2024-06-13 15:37:00,7.45,"hypoxic"
2024-06-13,1538,21,26.9,6.95,"warm","normoxic","warm",2024-06-13 15:38:00,8.08,"hypoxic"
2024-06-13,1539,20,26.9,7.08,"warm","normoxic","warm",2024-06-13 15:39:00,8.06,"hypoxic"
2024-06-13,1540,19,26.6,6.5,"warm","normoxic","warm",2024-06-13 15:40:00,7.85,"hypoxic"
2024-06-13,1542,18,27.1,2.47,"both","hypoxic","warm",2024-06-13 15:42:00,7.77,"hypoxic"
2024-06-13,1544,17,26.9,2.38,"both","hypoxic","warm",2024-06-13 15:44:00,7.69,"hypoxic"
2024-06-13,1545,16,26.8,2.18,"both","hypoxic","warm",2024-06-13 15:45:00,7.63,"hypoxic"
2024-06-13,1546,15,26.8,2.2,"both","hypoxic","warm",2024-06-13 15:46:00,7.65,"hypoxic"
2024-06-13,1547,14,27,2.4,"both","hypoxic","warm",2024-06-13 15:47:00,7.69,"hypoxic"
2024-06-13,1549,13,26.5,2.17,"both","hypoxic","warm",2024-06-13 15:49:00,7.51,"hypoxic"
2024-06-13,1550,12,24.9,2.13,"hypoxic","hypoxic","ambient",2024-06-13 15:50:00,7.87,"hypoxic"
2024-06-13,1551,11,24.7,2.42,"hypoxic","hypoxic","ambient",2024-06-13 15:51:00,7.77,"hypoxic"
2024-06-13,1552,10,24.7,2.85,"hypoxic","hypoxic","ambient",2024-06-13 15:52:00,7.78,"hypoxic"
2024-06-13,1553,9,24.8,1.91,"hypoxic","hypoxic","ambient",2024-06-13 15:53:00,7.81,"hypoxic"
2024-06-13,1554,8,24.8,2,"hypoxic","hypoxic","ambient",2024-06-13 15:54:00,7.79,"hypoxic"
2024-06-13,1555,7,24.8,2.13,"hypoxic","hypoxic","ambient",2024-06-13 15:55:00,7.82,"hypoxic"
2024-06-13,1556,6,24.8,7.03,"control","normoxic","ambient",2024-06-13 15:56:00,8.08,"hypoxic"
2024-06-13,1557,5,24.8,7.11,"control","normoxic","ambient",2024-06-13 15:57:00,8.04,"hypoxic"
2024-06-13,1558,4,24.9,7.21,"control","normoxic","ambient",2024-06-13 15:58:00,8.16,"hypoxic"
2024-06-13,1558,3,24.8,7.21,"control","normoxic","ambient",2024-06-13 15:58:00,8.13,"hypoxic"
2024-06-13,1559,2,24.9,7.34,"control","normoxic","ambient",2024-06-13 15:59:00,8.19,"hypoxic"
2024-06-13,1600,1,24.8,7.22,"control","normoxic","ambient",2024-06-13 16:00:00,8.09,"hypoxic"
2024-06-14,902,1,24.4,6.57,"control","normoxic","ambient",2024-06-14 09:02:00,7.74,"normoxic"
2024-06-14,902,2,24.4,6.78,"control","normoxic","ambient",2024-06-14 09:02:00,7.79,"normoxic"
2024-06-14,903,3,24.4,6.66,"control","normoxic","ambient",2024-06-14 09:03:00,7.75,"normoxic"
2024-06-14,905,4,24.4,6.57,"control","normoxic","ambient",2024-06-14 09:05:00,7.86,"normoxic"
2024-06-14,906,5,24.3,6.61,"control","normoxic","ambient",2024-06-14 09:06:00,7.74,"normoxic"
2024-06-14,907,6,24.3,6.55,"control","normoxic","ambient",2024-06-14 09:07:00,7.74,"normoxic"
2024-06-14,909,7,24.4,6.39,"hypoxic","hypoxic","ambient",2024-06-14 09:09:00,7.77,"normoxic"
2024-06-14,910,8,24.4,6.48,"hypoxic","hypoxic","ambient",2024-06-14 09:10:00,7.71,"normoxic"
2024-06-14,911,9,24.4,6.68,"hypoxic","hypoxic","ambient",2024-06-14 09:11:00,7.79,"normoxic"
2024-06-14,912,10,24.3,6.71,"hypoxic","hypoxic","ambient",2024-06-14 09:12:00,7.71,"normoxic"
2024-06-14,912,11,24.4,6.5,"hypoxic","hypoxic","ambient",2024-06-14 09:12:00,7.68,"normoxic"
2024-06-14,914,12,24.4,6.78,"hypoxic","hypoxic","ambient",2024-06-14 09:14:00,7.85,"normoxic"
2024-06-14,915,13,26.7,6.97,"both","hypoxic","warm",2024-06-14 09:15:00,7.98,"normoxic"
2024-06-14,916,14,26.6,6.15,"both","hypoxic","warm",2024-06-14 09:16:00,7.71,"normoxic"
2024-06-14,918,15,26.5,5.73,"both","hypoxic","warm",2024-06-14 09:18:00,7.6,"normoxic"
2024-06-14,918,16,26.5,5.96,"both","hypoxic","warm",2024-06-14 09:18:00,7.61,"normoxic"
2024-06-14,919,17,26.5,6.09,"both","hypoxic","warm",2024-06-14 09:19:00,7.67,"normoxic"
2024-06-14,920,18,26.6,6.25,"both","hypoxic","warm",2024-06-14 09:20:00,7.76,"normoxic"
2024-06-14,921,19,26.4,5.68,"warm","normoxic","warm",2024-06-14 09:21:00,7.59,"normoxic"
2024-06-14,922,20,26.6,6.33,"warm","normoxic","warm",2024-06-14 09:22:00,7.76,"normoxic"
2024-06-14,924,21,26.6,5.92,"warm","normoxic","warm",2024-06-14 09:24:00,7.7,"normoxic"
2024-06-14,924,22,26.6,6.33,"warm","normoxic","warm",2024-06-14 09:24:00,7.81,"normoxic"
2024-06-14,925,23,26.6,6.23,"warm","normoxic","warm",2024-06-14 09:25:00,7.74,"normoxic"
2024-06-14,926,24,26.4,5.36,"warm","normoxic","warm",2024-06-14 09:26:00,7.5,"normoxic"
2024-06-14,1540,1,24.4,6.34,"control","normoxic","ambient",2024-06-14 15:40:00,7.55,"hypoxic"
2024-06-14,1541,2,24.6,6.51,"control","normoxic","ambient",2024-06-14 15:41:00,7.63,"hypoxic"
2024-06-14,1542,3,24.5,6.49,"control","normoxic","ambient",2024-06-14 15:42:00,7.61,"hypoxic"
2024-06-14,1543,4,24.6,6.62,"control","normoxic","ambient",2024-06-14 15:43:00,7.66,"hypoxic"
2024-06-14,1544,5,24.5,6.79,"control","normoxic","ambient",2024-06-14 15:44:00,7.68,"hypoxic"
2024-06-14,1545,6,24.5,6.31,"control","normoxic","ambient",2024-06-14 15:45:00,7.58,"hypoxic"
2024-06-14,1547,7,24.6,1.44,"hypoxic","hypoxic","ambient",2024-06-14 15:47:00,7.74,"hypoxic"
2024-06-14,1554,8,24.6,1.57,"hypoxic","hypoxic","ambient",2024-06-14 15:54:00,7.77,"hypoxic"
2024-06-14,1555,9,24.6,1.97,"hypoxic","hypoxic","ambient",2024-06-14 15:55:00,7.76,"hypoxic"
2024-06-14,1557,10,24.6,1.54,"hypoxic","hypoxic","ambient",2024-06-14 15:57:00,7.74,"hypoxic"
2024-06-14,1558,11,24.6,1.55,"hypoxic","hypoxic","ambient",2024-06-14 15:58:00,7.75,"hypoxic"
2024-06-14,1559,12,24.8,1.94,"hypoxic","hypoxic","ambient",2024-06-14 15:59:00,7.82,"hypoxic"
2024-06-14,1601,13,26.8,1.27,"both","hypoxic","warm",2024-06-14 16:01:00,7.65,"hypoxic"
2024-06-14,1602,14,27.3,1.54,"both","hypoxic","warm",2024-06-14 16:02:00,7.77,"hypoxic"
2024-06-14,1603,15,26.9,1.62,"both","hypoxic","warm",2024-06-14 16:03:00,7.66,"hypoxic"
2024-06-14,1605,16,27,1.25,"both","hypoxic","warm",2024-06-14 16:05:00,7.67,"hypoxic"
2024-06-14,1605,17,27,1.91,"both","hypoxic","warm",2024-06-14 16:05:00,7.68,"hypoxic"
2024-06-14,1607,18,27.3,1.46,"both","hypoxic","warm",2024-06-14 16:07:00,7.76,"hypoxic"
2024-06-14,1608,19,27.1,5.74,"warm","normoxic","warm",2024-06-14 16:08:00,7.61,"hypoxic"
2024-06-14,1609,20,27.4,6.28,"warm","normoxic","warm",2024-06-14 16:09:00,7.72,"hypoxic"
2024-06-14,1610,21,27.2,5.87,"warm","normoxic","warm",2024-06-14 16:10:00,7.63,"hypoxic"
2024-06-14,1611,22,27.4,6.3,"warm","normoxic","warm",2024-06-14 16:11:00,7.76,"hypoxic"
2024-06-14,1613,23,26.7,5.42,"warm","normoxic","warm",2024-06-14 16:13:00,7.52,"hypoxic"
2024-06-14,1614,24,27.1,5.67,"warm","normoxic","warm",2024-06-14 16:14:00,7.57,"hypoxic"
2024-06-15,859,24,26.6,6.08,"warm","normoxic","warm",2024-06-15 08:59:00,7.64,"normoxic"
2024-06-15,859,23,26.5,6.2,"warm","normoxic","warm",2024-06-15 08:59:00,7.63,"normoxic"
2024-06-15,900,22,26.5,6.17,"warm","normoxic","warm",2024-06-15 09:00:00,7.65,"normoxic"
2024-06-15,901,21,26.5,5.72,"warm","normoxic","warm",2024-06-15 09:01:00,7.54,"normoxic"
2024-06-15,902,20,26.6,6.1,"warm","normoxic","warm",2024-06-15 09:02:00,7.63,"normoxic"
2024-06-15,904,19,26.6,6.2,"warm","normoxic","warm",2024-06-15 09:04:00,7.68,"normoxic"
2024-06-15,905,18,26.6,6.11,"both","hypoxic","warm",2024-06-15 09:05:00,7.62,"normoxic"
2024-06-15,906,17,26.5,5.99,"both","hypoxic","warm",2024-06-15 09:06:00,7.61,"normoxic"
2024-06-15,908,16,26.6,6.09,"both","hypoxic","warm",2024-06-15 09:08:00,7.66,"normoxic"
2024-06-15,909,15,26.5,6.45,"both","hypoxic","warm",2024-06-15 09:09:00,7.73,"normoxic"
2024-06-15,909,14,26.6,6.35,"both","hypoxic","warm",2024-06-15 09:09:00,7.67,"normoxic"
2024-06-15,910,13,26.6,6.17,"both","hypoxic","warm",2024-06-15 09:10:00,7.63,"normoxic"
2024-06-15,911,12,24.2,6.66,"hypoxic","hypoxic","ambient",2024-06-15 09:11:00,7.73,"normoxic"
2024-06-15,913,11,24.2,6.48,"hypoxic","hypoxic","ambient",2024-06-15 09:13:00,7.63,"normoxic"
2024-06-15,914,10,24.2,6.63,"hypoxic","hypoxic","ambient",2024-06-15 09:14:00,7.66,"normoxic"
2024-06-15,915,9,24.1,6.42,"hypoxic","hypoxic","ambient",2024-06-15 09:15:00,7.63,"normoxic"
2024-06-15,916,8,24.1,6.62,"hypoxic","hypoxic","ambient",2024-06-15 09:16:00,7.61,"normoxic"
2024-06-15,917,7,24.1,6.38,"hypoxic","hypoxic","ambient",2024-06-15 09:17:00,7.67,"normoxic"
2024-06-15,919,6,24,6.56,"control","normoxic","ambient",2024-06-15 09:19:00,7.64,"normoxic"
2024-06-15,920,5,24.1,6.68,"control","normoxic","ambient",2024-06-15 09:20:00,7.67,"normoxic"
2024-06-15,920,4,24.1,6.73,"control","normoxic","ambient",2024-06-15 09:20:00,7.69,"normoxic"
2024-06-15,921,3,24,6.62,"control","normoxic","ambient",2024-06-15 09:21:00,7.65,"normoxic"
2024-06-15,922,2,24.1,6.71,"control","normoxic","ambient",2024-06-15 09:22:00,7.7,"normoxic"
2024-06-15,923,1,24,6.48,"control","normoxic","ambient",2024-06-15 09:23:00,7.58,"normoxic"
2024-06-15,1511,24,27.5,6.24,"warm","normoxic","warm",2024-06-15 15:11:00,7.72,"hypoxic"
2024-06-15,1512,23,27.4,6.3,"warm","normoxic","warm",2024-06-15 15:12:00,7.73,"hypoxic"
2024-06-15,1512,22,27.4,6.19,"warm","normoxic","warm",2024-06-15 15:12:00,7.7,"hypoxic"
2024-06-15,1513,21,27.4,6.16,"warm","normoxic","warm",2024-06-15 15:13:00,7.69,"hypoxic"
2024-06-15,1513,20,27.5,6.24,"warm","normoxic","warm",2024-06-15 15:13:00,7.72,"hypoxic"
2024-06-15,1515,19,27.2,5.72,"warm","normoxic","warm",2024-06-15 15:15:00,7.6,"hypoxic"
2024-06-15,1517,18,27.5,1.66,"both","hypoxic","warm",2024-06-15 15:17:00,7.77,"hypoxic"
2024-06-15,1518,17,27.5,1.81,"both","hypoxic","warm",2024-06-15 15:18:00,7.81,"hypoxic"
2024-06-15,1519,16,27.5,2.15,"both","hypoxic","warm",2024-06-15 15:19:00,7.84,"hypoxic"
2024-06-15,1520,15,27.3,1.7,"both","hypoxic","warm",2024-06-15 15:20:00,7.72,"hypoxic"
2024-06-15,1522,14,27.5,1.65,"both","hypoxic","warm",2024-06-15 15:22:00,7.77,"hypoxic"
2024-06-15,1524,13,27.4,1.69,"both","hypoxic","warm",2024-06-15 15:24:00,7.75,"hypoxic"
2024-06-15,1525,12,25.1,1.65,"hypoxic","hypoxic","ambient",2024-06-15 15:25:00,7.88,"hypoxic"
2024-06-15,1527,11,25,1.68,"hypoxic","hypoxic","ambient",2024-06-15 15:27:00,7.85,"hypoxic"
2024-06-15,1528,10,25,2.09,"hypoxic","hypoxic","ambient",2024-06-15 15:28:00,7.8,"hypoxic"
2024-06-15,1529,9,25,1.63,"hypoxic","hypoxic","ambient",2024-06-15 15:29:00,7.85,"hypoxic"
2024-06-15,1531,8,25,1.68,"hypoxic","hypoxic","ambient",2024-06-15 15:31:00,7.84,"hypoxic"
2024-06-15,1532,7,24.9,1.68,"hypoxic","hypoxic","ambient",2024-06-15 15:32:00,7.76,"hypoxic"
2024-06-15,1534,6,24.9,6.43,"control","normoxic","ambient",2024-06-15 15:34:00,7.7,"hypoxic"
2024-06-15,1534,5,25.1,6.76,"control","normoxic","ambient",2024-06-15 15:34:00,7.78,"hypoxic"
2024-06-15,1535,4,25.1,6.76,"control","normoxic","ambient",2024-06-15 15:35:00,7.79,"hypoxic"
2024-06-15,1536,3,25,6.75,"control","normoxic","ambient",2024-06-15 15:36:00,7.72,"hypoxic"
2024-06-15,1536,2,25.1,6.71,"control","normoxic","ambient",2024-06-15 15:36:00,7.75,"hypoxic"
2024-06-15,1537,1,25,6.63,"control","normoxic","ambient",2024-06-15 15:37:00,7.72,"hypoxic"
2024-06-16,845,1,24.5,6.95,"control","normoxic","ambient",2024-06-16 08:45:00,7.86,"normoxic"
2024-06-16,847,2,24.6,6.99,"control","normoxic","ambient",2024-06-16 08:47:00,7.87,"normoxic"
2024-06-16,848,3,24.5,6.84,"control","normoxic","ambient",2024-06-16 08:48:00,7.81,"normoxic"
2024-06-16,850,4,24.5,6.77,"control","normoxic","ambient",2024-06-16 08:50:00,7.79,"normoxic"
2024-06-16,851,5,24.5,7.1,"control","normoxic","ambient",2024-06-16 08:51:00,7.86,"normoxic"
2024-06-16,852,6,24.4,6.82,"control","normoxic","ambient",2024-06-16 08:52:00,7.79,"normoxic"
2024-06-16,854,7,24.6,6.9,"hypoxic","hypoxic","ambient",2024-06-16 08:54:00,7.87,"normoxic"
2024-06-16,856,8,24.5,6.71,"hypoxic","hypoxic","ambient",2024-06-16 08:56:00,7.81,"normoxic"
2024-06-16,858,9,24.6,6.88,"hypoxic","hypoxic","ambient",2024-06-16 08:58:00,7.86,"normoxic"
2024-06-16,900,10,24.6,7.07,"hypoxic","hypoxic","ambient",2024-06-16 09:00:00,7.88,"normoxic"
2024-06-16,900,11,24.6,7.15,"hypoxic","hypoxic","ambient",2024-06-16 09:00:00,7.91,"normoxic"
2024-06-16,901,12,24.6,7,"hypoxic","hypoxic","ambient",2024-06-16 09:01:00,7.85,"normoxic"
2024-06-16,904,13,27,6.46,"both","hypoxic","warm",2024-06-16 09:04:00,7.81,"normoxic"
2024-06-16,905,14,27.1,6.53,"both","hypoxic","warm",2024-06-16 09:05:00,7.83,"normoxic"
2024-06-16,907,15,27.1,6.72,"both","hypoxic","warm",2024-06-16 09:07:00,7.89,"normoxic"
2024-06-16,907,16,27,6.75,"both","hypoxic","warm",2024-06-16 09:07:00,7.86,"normoxic"
2024-06-16,908,17,26.9,6.81,"both","hypoxic","warm",2024-06-16 09:08:00,7.88,"normoxic"
2024-06-16,909,18,27,6.77,"both","hypoxic","warm",2024-06-16 09:09:00,7.84,"normoxic"
2024-06-16,911,19,27,6.65,"warm","normoxic","warm",2024-06-16 09:11:00,7.87,"normoxic"
2024-06-16,912,20,27,6.32,"warm","normoxic","warm",2024-06-16 09:12:00,7.75,"normoxic"
2024-06-16,913,21,26.9,6.55,"warm","normoxic","warm",2024-06-16 09:13:00,7.81,"normoxic"
2024-06-16,914,22,26.9,6.53,"warm","normoxic","warm",2024-06-16 09:14:00,7.83,"normoxic"
2024-06-16,916,23,27,6.57,"warm","normoxic","warm",2024-06-16 09:16:00,7.86,"normoxic"
2024-06-16,917,24,27,6.66,"warm","normoxic","warm",2024-06-16 09:17:00,7.86,"normoxic"
2024-06-16,1506,1,25.3,6.89,"control","normoxic","ambient",2024-06-16 15:06:00,7.9,"hypoxic"
2024-06-16,1507,2,25.3,7.08,"control","normoxic","ambient",2024-06-16 15:07:00,7.95,"hypoxic"
2024-06-16,1508,3,25.2,6.99,"control","normoxic","ambient",2024-06-16 15:08:00,7.9,"hypoxic"
2024-06-16,1508,4,25.3,6.98,"control","normoxic","ambient",2024-06-16 15:08:00,7.91,"hypoxic"
2024-06-16,1509,5,25.3,7.1,"control","normoxic","ambient",2024-06-16 15:09:00,7.98,"hypoxic"
2024-06-16,1510,6,25.2,6.95,"control","normoxic","ambient",2024-06-16 15:10:00,7.9,"hypoxic"
2024-06-16,1513,7,25.3,1.29,"hypoxic","hypoxic","ambient",2024-06-16 15:13:00,7.9,"hypoxic"
2024-06-16,1516,8,25.3,1.5,"hypoxic","hypoxic","ambient",2024-06-16 15:16:00,7.84,"hypoxic"
2024-06-16,1518,9,25.4,1.74,"hypoxic","hypoxic","ambient",2024-06-16 15:18:00,7.9,"hypoxic"
2024-06-16,1521,10,25.4,1.66,"hypoxic","hypoxic","ambient",2024-06-16 15:21:00,7.91,"hypoxic"
2024-06-16,1522,11,25.5,2.58,"hypoxic","hypoxic","ambient",2024-06-16 15:22:00,7.95,"hypoxic"
2024-06-16,1525,12,25.4,1.66,"hypoxic","hypoxic","ambient",2024-06-16 15:25:00,7.88,"hypoxic"
2024-06-16,1533,13,27.7,1.69,"both","hypoxic","warm",2024-06-16 15:33:00,7.81,"hypoxic"
2024-06-16,1536,14,27.8,1.33,"both","hypoxic","warm",2024-06-16 15:36:00,7.8,"hypoxic"
2024-06-16,1539,15,27.9,1.14,"both","hypoxic","warm",2024-06-16 15:39:00,7.87,"hypoxic"
2024-06-16,1542,16,27.8,1.22,"both","hypoxic","warm",2024-06-16 15:42:00,7.82,"hypoxic"
2024-06-16,1544,17,27.8,2,"both","hypoxic","warm",2024-06-16 15:44:00,7.85,"hypoxic"
2024-06-16,1546,18,27.9,1.7,"both","hypoxic","warm",2024-06-16 15:46:00,7.82,"hypoxic"
2024-06-16,1547,19,27.8,6.59,"warm","normoxic","warm",2024-06-16 15:47:00,8.06,"hypoxic"
2024-06-16,1548,20,27.7,6.35,"warm","normoxic","warm",2024-06-16 15:48:00,7.89,"hypoxic"
2024-06-16,1550,21,27.8,6.24,"warm","normoxic","warm",2024-06-16 15:50:00,8,"hypoxic"
2024-06-16,1550,22,27.7,6.57,"warm","normoxic","warm",2024-06-16 15:50:00,8.01,"hypoxic"
2024-06-16,1552,23,27.9,6.52,"warm","normoxic","warm",2024-06-16 15:52:00,8.06,"hypoxic"
2024-06-16,1553,24,27.9,6.76,"warm","normoxic","warm",2024-06-16 15:53:00,8.07,"hypoxic"
2024-06-17,900,24,27,6.45,"warm","normoxic","warm",2024-06-17 09:00:00,7.86,"normoxic"
2024-06-17,901,23,27,6.38,"warm","normoxic","warm",2024-06-17 09:01:00,7.8,"normoxic"
2024-06-17,902,22,26.9,6.45,"warm","normoxic","warm",2024-06-17 09:02:00,7.8,"normoxic"
2024-06-17,903,21,26.9,6.45,"warm","normoxic","warm",2024-06-17 09:03:00,7.79,"normoxic"
2024-06-17,903,20,26.8,6.35,"warm","normoxic","warm",2024-06-17 09:03:00,7.71,"normoxic"
2024-06-17,904,19,27,6.54,"warm","normoxic","warm",2024-06-17 09:04:00,7.83,"normoxic"
2024-06-17,906,18,27.1,6.53,"both","hypoxic","warm",2024-06-17 09:06:00,7.86,"normoxic"
2024-06-17,906,17,27,6.72,"both","hypoxic","warm",2024-06-17 09:06:00,7.85,"normoxic"
2024-06-17,907,16,27,6.73,"both","hypoxic","warm",2024-06-17 09:07:00,7.83,"normoxic"
2024-06-17,908,15,27,6.72,"both","hypoxic","warm",2024-06-17 09:08:00,7.82,"normoxic"
2024-06-17,908,14,27,6.51,"both","hypoxic","warm",2024-06-17 09:08:00,7.82,"normoxic"
2024-06-17,909,13,27,6.64,"both","hypoxic","warm",2024-06-17 09:09:00,7.81,"normoxic"
2024-06-17,910,12,24.7,6.84,"hypoxic","hypoxic","ambient",2024-06-17 09:10:00,7.82,"normoxic"
2024-06-17,911,11,24.7,7.24,"hypoxic","hypoxic","ambient",2024-06-17 09:11:00,7.86,"normoxic"
2024-06-17,911,10,24.6,7.1,"hypoxic","hypoxic","ambient",2024-06-17 09:11:00,7.84,"normoxic"
2024-06-17,912,9,24.6,7.03,"hypoxic","hypoxic","ambient",2024-06-17 09:12:00,7.82,"normoxic"
2024-06-17,913,8,24.6,6.99,"hypoxic","hypoxic","ambient",2024-06-17 09:13:00,7.85,"normoxic"
2024-06-17,913,7,24.6,6.92,"hypoxic","hypoxic","ambient",2024-06-17 09:13:00,7.84,"normoxic"
2024-06-17,914,6,24.4,6.98,"control","normoxic","ambient",2024-06-17 09:14:00,7.78,"normoxic"
2024-06-17,915,5,24.6,7.07,"control","normoxic","ambient",2024-06-17 09:15:00,7.84,"normoxic"
2024-06-17,916,4,24.6,6.98,"control","normoxic","ambient",2024-06-17 09:16:00,7.81,"normoxic"
2024-06-17,916,3,24.5,6.97,"control","normoxic","ambient",2024-06-17 09:16:00,7.8,"normoxic"
2024-06-17,917,2,24.6,7.01,"control","normoxic","ambient",2024-06-17 09:17:00,7.82,"normoxic"
2024-06-17,917,1,24.6,7.06,"control","normoxic","ambient",2024-06-17 09:17:00,7.78,"normoxic"
2024-06-17,1504,24,27.3,6.19,"warm","normoxic","warm",2024-06-17 15:04:00,7.78,"hypoxic"
2024-06-17,1507,23,27.4,6.48,"warm","normoxic","warm",2024-06-17 15:07:00,7.89,"hypoxic"
2024-06-17,1508,22,27.3,6.41,"warm","normoxic","warm",2024-06-17 15:08:00,7.85,"hypoxic"
2024-06-17,1510,21,27.4,6.23,"warm","normoxic","warm",2024-06-17 15:10:00,7.86,"hypoxic"
2024-06-17,1512,20,27.4,6.3,"warm","normoxic","warm",2024-06-17 15:12:00,7.87,"hypoxic"
2024-06-17,1515,19,27.4,6.26,"warm","normoxic","warm",2024-06-17 15:15:00,7.88,"hypoxic"
2024-06-17,1517,18,27.6,1.87,"both","hypoxic","warm",2024-06-17 15:17:00,7.9,"hypoxic"
2024-06-17,1520,17,27.5,1.91,"both","hypoxic","warm",2024-06-17 15:20:00,7.85,"hypoxic"
2024-06-17,1520,16,27.4,2.25,"both","hypoxic","warm",2024-06-17 15:20:00,7.85,"hypoxic"
2024-06-17,1522,15,27.3,1.93,"both","hypoxic","warm",2024-06-17 15:22:00,7.68,"hypoxic"
2024-06-17,1524,14,27.5,1.74,"both","hypoxic","warm",2024-06-17 15:24:00,7.83,"hypoxic"
2024-06-17,1526,13,27.5,1.78,"both","hypoxic","warm",2024-06-17 15:26:00,7.84,"hypoxic"
2024-06-17,1530,12,25.2,1.62,"hypoxic","hypoxic","ambient",2024-06-17 15:30:00,7.91,"hypoxic"
2024-06-17,1534,11,25.2,1.72,"hypoxic","hypoxic","ambient",2024-06-17 15:34:00,7.94,"hypoxic"
2024-06-17,1535,10,25.2,2.29,"hypoxic","hypoxic","ambient",2024-06-17 15:35:00,7.9,"hypoxic"
2024-06-17,1539,9,25.2,1.68,"hypoxic","hypoxic","ambient",2024-06-17 15:39:00,7.92,"hypoxic"
2024-06-17,1541,8,25.3,1.76,"hypoxic","hypoxic","ambient",2024-06-17 15:41:00,7.97,"hypoxic"
2024-06-17,1542,7,25.2,2.37,"hypoxic","hypoxic","ambient",2024-06-17 15:42:00,7.93,"hypoxic"
2024-06-17,1543,6,25.2,6.53,"control","normoxic","ambient",2024-06-17 15:43:00,7.94,"hypoxic"
2024-06-17,1545,5,25.1,6.74,"control","normoxic","ambient",2024-06-17 15:45:00,7.9,"hypoxic"
2024-06-17,1546,4,25.2,6.72,"control","normoxic","ambient",2024-06-17 15:46:00,7.91,"hypoxic"
2024-06-17,1548,3,25.1,6.7,"control","normoxic","ambient",2024-06-17 15:48:00,7.91,"hypoxic"
2024-06-17,1549,2,25.2,6.83,"control","normoxic","ambient",2024-06-17 15:49:00,7.91,"hypoxic"
2024-06-17,1549,1,25.2,6.87,"control","normoxic","ambient",2024-06-17 15:49:00,7.9,"hypoxic"
2024-06-18,855,1,24.6,6.57,"control","normoxic","ambient",2024-06-18 08:55:00,7.74,"normoxic"
2024-06-18,856,2,24.6,6.73,"control","normoxic","ambient",2024-06-18 08:56:00,7.77,"normoxic"
2024-06-18,857,3,24.5,6.85,"control","normoxic","ambient",2024-06-18 08:57:00,7.76,"normoxic"
2024-06-18,857,4,24.6,6.88,"control","normoxic","ambient",2024-06-18 08:57:00,7.77,"normoxic"
2024-06-18,858,5,24.5,6.88,"control","normoxic","ambient",2024-06-18 08:58:00,7.76,"normoxic"
2024-06-18,859,6,24.6,6.83,"control","normoxic","ambient",2024-06-18 08:59:00,7.76,"normoxic"
2024-06-18,859,7,24.6,6.75,"hypoxic","hypoxic","ambient",2024-06-18 08:59:00,7.76,"normoxic"
2024-06-18,900,8,24.7,6.84,"hypoxic","hypoxic","ambient",2024-06-18 09:00:00,7.81,"normoxic"
2024-06-18,901,9,24.6,6.89,"hypoxic","hypoxic","ambient",2024-06-18 09:01:00,7.8,"normoxic"
2024-06-18,902,10,24.6,6.76,"hypoxic","hypoxic","ambient",2024-06-18 09:02:00,7.73,"normoxic"
2024-06-18,903,11,24.7,6.84,"hypoxic","hypoxic","ambient",2024-06-18 09:03:00,7.79,"normoxic"
2024-06-18,903,12,24.7,6.83,"hypoxic","hypoxic","ambient",2024-06-18 09:03:00,7.78,"normoxic"
2024-06-18,905,13,27.1,6.44,"both","hypoxic","warm",2024-06-18 09:05:00,7.79,"normoxic"
2024-06-18,905,14,27.1,6.47,"both","hypoxic","warm",2024-06-18 09:05:00,7.77,"normoxic"
2024-06-18,906,15,27.1,6.61,"both","hypoxic","warm",2024-06-18 09:06:00,7.82,"normoxic"
2024-06-18,908,16,27.1,6.28,"both","hypoxic","warm",2024-06-18 09:08:00,7.8,"normoxic"
2024-06-18,909,17,27.1,6.81,"both","hypoxic","warm",2024-06-18 09:09:00,7.84,"normoxic"
2024-06-18,910,18,27.1,6.51,"both","hypoxic","warm",2024-06-18 09:10:00,7.74,"normoxic"
2024-06-18,910,19,27,6.53,"warm","normoxic","warm",2024-06-18 09:10:00,7.78,"normoxic"
2024-06-18,911,20,27,6.4,"warm","normoxic","warm",2024-06-18 09:11:00,7.76,"normoxic"
2024-06-18,912,21,27,6.44,"warm","normoxic","warm",2024-06-18 09:12:00,7.76,"normoxic"
2024-06-18,912,22,27.1,6.54,"warm","normoxic","warm",2024-06-18 09:12:00,7.82,"normoxic"
2024-06-18,913,23,27.1,6.52,"warm","normoxic","warm",2024-06-18 09:13:00,7.78,"normoxic"
2024-06-18,914,24,27,6.44,"warm","normoxic","warm",2024-06-18 09:14:00,7.71,"normoxic"
2024-06-18,1524,24,28,6.18,"warm","normoxic","warm",2024-06-18 15:24:00,7.88,"hypoxic"
2024-06-18,1524,23,28,6.44,"warm","normoxic","warm",2024-06-18 15:24:00,7.92,"hypoxic"
2024-06-18,1526,22,28,6.36,"warm","normoxic","warm",2024-06-18 15:26:00,7.95,"hypoxic"
2024-06-18,1527,21,28,6.41,"warm","normoxic","warm",2024-06-18 15:27:00,7.91,"hypoxic"
2024-06-18,1527,20,28,6.41,"warm","normoxic","warm",2024-06-18 15:27:00,7.92,"hypoxic"
2024-06-18,1528,19,28,6.48,"warm","normoxic","warm",2024-06-18 15:28:00,7.94,"hypoxic"
2024-06-18,1530,18,28.1,2.48,"both","hypoxic","warm",2024-06-18 15:30:00,7.56,"hypoxic"
2024-06-18,1531,17,28,2.72,"both","hypoxic","warm",2024-06-18 15:31:00,7.57,"hypoxic"
2024-06-18,1533,16,28.1,2.6,"both","hypoxic","warm",2024-06-18 15:33:00,7.58,"hypoxic"
2024-06-18,1534,15,28.1,2.48,"both","hypoxic","warm",2024-06-18 15:34:00,7.57,"hypoxic"
2024-06-18,1535,14,28.1,2.9,"both","hypoxic","warm",2024-06-18 15:35:00,7.57,"hypoxic"
2024-06-18,1536,13,28.1,2.89,"both","hypoxic","warm",2024-06-18 15:36:00,7.59,"hypoxic"
2024-06-18,1538,12,26,2.05,"hypoxic","hypoxic","ambient",2024-06-18 15:38:00,7.63,"hypoxic"
2024-06-18,1539,11,26,2.12,"hypoxic","hypoxic","ambient",2024-06-18 15:39:00,7.64,"hypoxic"
2024-06-18,1540,10,25.9,2.45,"hypoxic","hypoxic","ambient",2024-06-18 15:40:00,7.6,"hypoxic"
2024-06-18,1541,9,25.9,2.5,"hypoxic","hypoxic","ambient",2024-06-18 15:41:00,7.61,"hypoxic"
2024-06-18,1541,8,25.9,2.54,"hypoxic","hypoxic","ambient",2024-06-18 15:41:00,7.61,"hypoxic"
2024-06-18,1543,7,25.8,1.89,"hypoxic","hypoxic","ambient",2024-06-18 15:43:00,7.59,"hypoxic"
2024-06-18,1544,6,25.9,6.64,"control","normoxic","ambient",2024-06-18 15:44:00,7.95,"hypoxic"
2024-06-18,1547,5,25.8,6.23,"control","normoxic","ambient",2024-06-18 15:47:00,7.95,"hypoxic"
2024-06-18,1548,4,25.9,6.73,"control","normoxic","ambient",2024-06-18 15:48:00,7.94,"hypoxic"
2024-06-18,1549,3,25.8,6.87,"control","normoxic","ambient",2024-06-18 15:49:00,7.97,"hypoxic"
2024-06-18,1549,2,25.8,6.86,"control","normoxic","ambient",2024-06-18 15:49:00,7.94,"hypoxic"
2024-06-18,1550,1,25.9,6.9,"control","normoxic","ambient",2024-06-18 15:50:00,7.93,"hypoxic"
2024-06-19,855,24,27.1,6.17,"warm","normoxic","warm",2024-06-19 08:55:00,7.73,"normoxic"
2024-06-19,856,23,27.1,6.37,"warm","normoxic","warm",2024-06-19 08:56:00,7.69,"normoxic"
2024-06-19,859,22,27.1,6.01,"warm","normoxic","warm",2024-06-19 08:59:00,7.73,"normoxic"
2024-06-19,900,21,27.1,6.27,"warm","normoxic","warm",2024-06-19 09:00:00,7.7,"normoxic"
2024-06-19,902,20,27.2,6.21,"warm","normoxic","warm",2024-06-19 09:02:00,7.69,"normoxic"
2024-06-19,904,19,27.1,6.38,"warm","normoxic","warm",2024-06-19 09:04:00,7.74,"normoxic"
2024-06-19,906,18,27.2,6.2,"both","hypoxic","warm",2024-06-19 09:06:00,7.72,"normoxic"
2024-06-19,907,17,27.2,5.92,"both","hypoxic","warm",2024-06-19 09:07:00,7.68,"normoxic"
2024-06-19,909,16,27.2,6.07,"both","hypoxic","warm",2024-06-19 09:09:00,7.71,"normoxic"
2024-06-19,910,15,27.2,6.52,"both","hypoxic","warm",2024-06-19 09:10:00,7.71,"normoxic"
2024-06-19,912,14,27.2,5.98,"both","hypoxic","warm",2024-06-19 09:12:00,7.69,"normoxic"
2024-06-19,913,13,27.2,5.93,"both","hypoxic","warm",2024-06-19 09:13:00,7.69,"normoxic"
2024-06-19,915,12,24.7,6.74,"hypoxic","hypoxic","ambient",2024-06-19 09:15:00,7.74,"normoxic"
2024-06-19,915,11,24.6,6.94,"hypoxic","hypoxic","ambient",2024-06-19 09:15:00,7.76,"normoxic"
2024-06-19,916,10,24.6,6.89,"hypoxic","hypoxic","ambient",2024-06-19 09:16:00,7.75,"normoxic"
2024-06-19,918,9,24.6,6.53,"hypoxic","hypoxic","ambient",2024-06-19 09:18:00,7.72,"normoxic"
2024-06-19,919,8,24.6,6.83,"hypoxic","hypoxic","ambient",2024-06-19 09:19:00,7.72,"normoxic"
2024-06-19,920,7,24.6,6.82,"hypoxic","hypoxic","ambient",2024-06-19 09:20:00,7.72,"normoxic"
2024-06-19,922,6,24.6,6.65,"control","normoxic","ambient",2024-06-19 09:22:00,7.71,"normoxic"
2024-06-19,923,5,24.5,6.94,"control","normoxic","ambient",2024-06-19 09:23:00,7.69,"normoxic"
2024-06-19,923,4,24.6,6.89,"control","normoxic","ambient",2024-06-19 09:23:00,7.72,"normoxic"
2024-06-19,924,3,24.5,6.94,"control","normoxic","ambient",2024-06-19 09:24:00,7.71,"normoxic"
2024-06-19,925,2,24.5,7,"control","normoxic","ambient",2024-06-19 09:25:00,7.71,"normoxic"
2024-06-19,927,1,24.6,6.54,"control","normoxic","ambient",2024-06-19 09:27:00,7.67,"normoxic"
2024-06-19,1523,24,28.5,6.27,"warm","normoxic","warm",2024-06-19 15:23:00,7.8,"hypoxic"
2024-06-19,1522,23,28.5,6.31,"warm","normoxic","warm",2024-06-19 15:22:00,7.81,"hypoxic"
2024-06-19,1525,22,28.5,6.29,"warm","normoxic","warm",2024-06-19 15:25:00,7.83,"hypoxic"
2024-06-19,1526,21,28.5,6.38,"warm","normoxic","warm",2024-06-19 15:26:00,7.81,"hypoxic"
2024-06-19,1528,20,28.5,5.85,"warm","normoxic","warm",2024-06-19 15:28:00,7.81,"hypoxic"
2024-06-19,1532,19,28.6,5.35,"warm","normoxic","warm",2024-06-19 15:32:00,7.84,"hypoxic"
2024-06-19,1536,18,28.7,0.5,"both","hypoxic","warm",2024-06-19 15:36:00,7.53,"hypoxic"
2024-06-19,1538,17,28.5,1.01,"both","hypoxic","warm",2024-06-19 15:38:00,7.5,"hypoxic"
2024-06-19,1541,16,28.6,0.6,"both","hypoxic","warm",2024-06-19 15:41:00,7.51,"hypoxic"
2024-06-19,1544,15,28.7,0.96,"both","hypoxic","warm",2024-06-19 15:44:00,7.52,"hypoxic"
2024-06-19,1546,14,28.6,0.8,"both","hypoxic","warm",2024-06-19 15:46:00,7.49,"hypoxic"
2024-06-19,1548,13,28.7,1.14,"both","hypoxic","warm",2024-06-19 15:48:00,7.51,"hypoxic"
2024-06-19,1552,12,26.4,1.02,"hypoxic","hypoxic","ambient",2024-06-19 15:52:00,7.6,"hypoxic"
2024-06-19,1553,11,26.4,1.97,"hypoxic","hypoxic","ambient",2024-06-19 15:53:00,7.61,"hypoxic"
2024-06-19,1556,10,26.3,1.37,"hypoxic","hypoxic","ambient",2024-06-19 15:56:00,7.57,"hypoxic"
2024-06-19,1558,9,26.3,1.29,"hypoxic","hypoxic","ambient",2024-06-19 15:58:00,7.58,"hypoxic"
2024-06-19,1601,8,26.3,1.31,"hypoxic","hypoxic","ambient",2024-06-19 16:01:00,7.58,"hypoxic"
2024-06-19,1604,7,26.2,1.09,"hypoxic","hypoxic","ambient",2024-06-19 16:04:00,7.57,"hypoxic"
2024-06-19,1605,6,26.3,6.6,"control","normoxic","ambient",2024-06-19 16:05:00,7.87,"hypoxic"
2024-06-19,1608,5,26.1,6.93,"control","normoxic","ambient",2024-06-19 16:08:00,7.87,"hypoxic"
2024-06-19,1612,4,26.3,6.38,"control","normoxic","ambient",2024-06-19 16:12:00,7.88,"hypoxic"
2024-06-19,1613,3,26.2,6.82,"control","normoxic","ambient",2024-06-19 16:13:00,7.9,"hypoxic"
2024-06-19,1615,2,26.3,6.57,"control","normoxic","ambient",2024-06-19 16:15:00,7.88,"hypoxic"
2024-06-19,1617,1,26.3,6.47,"control","normoxic","ambient",2024-06-19 16:17:00,7.86,"hypoxic"
2024-06-20,914,1,24.6,6.52,"control","normoxic","ambient",2024-06-20 09:14:00,7.65,"normoxic"
2024-06-20,915,2,24.6,6.68,"control","normoxic","ambient",2024-06-20 09:15:00,7.69,"normoxic"
2024-06-20,916,3,24.6,6.7,"control","normoxic","ambient",2024-06-20 09:16:00,7.67,"normoxic"
2024-06-20,916,4,24.6,6.66,"control","normoxic","ambient",2024-06-20 09:16:00,7.6,"normoxic"
2024-06-20,917,5,24.6,6.71,"control","normoxic","ambient",2024-06-20 09:17:00,7.64,"normoxic"
2024-06-20,918,6,24.6,6.73,"control","normoxic","ambient",2024-06-20 09:18:00,7.66,"normoxic"
2024-06-20,919,7,24.6,6.72,"hypoxic","hypoxic","ambient",2024-06-20 09:19:00,7.68,"normoxic"
2024-06-20,920,8,24.6,6.65,"hypoxic","hypoxic","ambient",2024-06-20 09:20:00,7.64,"normoxic"
2024-06-20,920,9,24.6,6.68,"hypoxic","hypoxic","ambient",2024-06-20 09:20:00,7.63,"normoxic"
2024-06-20,921,10,24.6,6.68,"hypoxic","hypoxic","ambient",2024-06-20 09:21:00,7.63,"normoxic"
2024-06-20,922,11,24.6,6.69,"hypoxic","hypoxic","ambient",2024-06-20 09:22:00,7.65,"normoxic"
2024-06-20,923,12,24.5,6.76,"hypoxic","hypoxic","ambient",2024-06-20 09:23:00,7.67,"normoxic"
2024-06-20,923,13,27.4,6.7,"both","hypoxic","warm",2024-06-20 09:23:00,7.73,"normoxic"
2024-06-20,924,14,27.4,6.74,"both","hypoxic","warm",2024-06-20 09:24:00,7.72,"normoxic"
2024-06-20,925,15,27.4,6.65,"both","hypoxic","warm",2024-06-20 09:25:00,7.71,"normoxic"
2024-06-20,926,16,27.4,6.64,"both","hypoxic","warm",2024-06-20 09:26:00,7.73,"normoxic"
2024-06-20,926,17,27.4,6.69,"both","hypoxic","warm",2024-06-20 09:26:00,7.71,"normoxic"
2024-06-20,927,18,27.4,6.56,"both","hypoxic","warm",2024-06-20 09:27:00,7.68,"normoxic"
2024-06-20,929,19,27.4,5.85,"warm","normoxic","warm",2024-06-20 09:29:00,7.66,"normoxic"
2024-06-20,929,20,27.4,5.87,"warm","normoxic","warm",2024-06-20 09:29:00,7.63,"normoxic"
2024-06-20,931,21,27.4,5.67,"warm","normoxic","warm",2024-06-20 09:31:00,7.61,"normoxic"
2024-06-20,932,22,27.4,5.86,"warm","normoxic","warm",2024-06-20 09:32:00,7.63,"normoxic"
2024-06-20,933,23,27.4,5.95,"warm","normoxic","warm",2024-06-20 09:33:00,7.58,"normoxic"
2024-06-20,933,24,27.4,5.87,"warm","normoxic","warm",2024-06-20 09:33:00,7.63,"normoxic"
2024-06-20,1518,1,26.2,6.61,"control","normoxic","ambient",2024-06-20 15:18:00,7.63,"hypoxic"
2024-06-20,1519,2,26.2,6.58,"control","normoxic","ambient",2024-06-20 15:19:00,7.75,"hypoxic"
2024-06-20,1520,3,26.1,6.73,"control","normoxic","ambient",2024-06-20 15:20:00,7.78,"hypoxic"
2024-06-20,1520,4,26.1,6.58,"control","normoxic","ambient",2024-06-20 15:20:00,7.75,"hypoxic"
2024-06-20,1521,5,26.2,6.69,"control","normoxic","ambient",2024-06-20 15:21:00,7.81,"hypoxic"
2024-06-20,1522,6,26.1,6.74,"control","normoxic","ambient",2024-06-20 15:22:00,7.84,"hypoxic"
2024-06-20,1524,7,24.7,2.3,"hypoxic","hypoxic","ambient",2024-06-20 15:24:00,7.46,"hypoxic"
2024-06-20,1526,8,26.1,0.45,"hypoxic","hypoxic","ambient",2024-06-20 15:26:00,7.9,"hypoxic"
2024-06-20,1527,9,24.8,2.25,"hypoxic","hypoxic","ambient",2024-06-20 15:27:00,7.57,"hypoxic"
2024-06-20,1528,10,25.4,1.01,"hypoxic","hypoxic","ambient",2024-06-20 15:28:00,7.67,"hypoxic"
2024-06-20,1529,11,25.9,0.9,"hypoxic","hypoxic","ambient",2024-06-20 15:29:00,7.83,"hypoxic"
2024-06-20,1530,12,25.8,1.08,"hypoxic","hypoxic","ambient",2024-06-20 15:30:00,7.8,"hypoxic"
2024-06-20,1532,13,28.8,1.31,"both","hypoxic","warm",2024-06-20 15:32:00,7.75,"hypoxic"
2024-06-20,1533,14,29,1.21,"both","hypoxic","warm",2024-06-20 15:33:00,7.79,"hypoxic"
2024-06-20,1535,15,28.8,1.13,"both","hypoxic","warm",2024-06-20 15:35:00,7.78,"hypoxic"
2024-06-20,1537,16,28.8,1.2,"both","hypoxic","warm",2024-06-20 15:37:00,7.78,"hypoxic"
2024-06-20,1538,17,28.9,1.24,"both","hypoxic","warm",2024-06-20 15:38:00,7.79,"hypoxic"
2024-06-20,1540,18,29,1.14,"both","hypoxic","warm",2024-06-20 15:40:00,7.79,"hypoxic"
2024-06-20,1541,19,28.8,6.24,"warm","normoxic","warm",2024-06-20 15:41:00,7.88,"hypoxic"
2024-06-20,1542,20,28.7,6.32,"warm","normoxic","warm",2024-06-20 15:42:00,7.86,"hypoxic"
2024-06-20,1543,21,28.7,6.36,"warm","normoxic","warm",2024-06-20 15:43:00,7.84,"hypoxic"
2024-06-20,1543,22,28.7,6.35,"warm","normoxic","warm",2024-06-20 15:43:00,7.87,"hypoxic"
2024-06-20,1544,23,28.7,6.39,"warm","normoxic","warm",2024-06-20 15:44:00,7.87,"hypoxic"
2024-06-20,1545,24,28.7,6.38,"warm","normoxic","warm",2024-06-20 15:45:00,7.85,"hypoxic"
2024-06-21,906,24,27.7,6.33,"warm","normoxic","warm",2024-06-21 09:06:00,7.76,"normoxic"
2024-06-21,907,23,27.7,6.5,"warm","normoxic","warm",2024-06-21 09:07:00,7.75,"normoxic"
2024-06-21,907,22,27.6,6.58,"warm","normoxic","warm",2024-06-21 09:07:00,7.78,"normoxic"
2024-06-21,908,21,27.6,6.55,"warm","normoxic","warm",2024-06-21 09:08:00,7.75,"normoxic"
2024-06-21,908,20,27.7,6.48,"warm","normoxic","warm",2024-06-21 09:08:00,7.76,"normoxic"
2024-06-21,909,19,27.6,6.59,"warm","normoxic","warm",2024-06-21 09:09:00,7.78,"normoxic"
2024-06-21,910,18,27.8,6.65,"both","hypoxic","warm",2024-06-21 09:10:00,7.76,"normoxic"
2024-06-21,911,17,27.7,6.35,"both","hypoxic","warm",2024-06-21 09:11:00,7.77,"normoxic"
2024-06-21,912,16,27.8,6.37,"both","hypoxic","warm",2024-06-21 09:12:00,7.78,"normoxic"
2024-06-21,913,15,27.8,6.46,"both","hypoxic","warm",2024-06-21 09:13:00,7.76,"normoxic"
2024-06-21,913,14,27.9,6.55,"both","hypoxic","warm",2024-06-21 09:13:00,7.79,"normoxic"
2024-06-21,914,13,27.8,6.5,"both","hypoxic","warm",2024-06-21 09:14:00,7.75,"normoxic"
2024-06-21,915,12,25.1,6.14,"hypoxic","hypoxic","ambient",2024-06-21 09:15:00,7.68,"normoxic"
2024-06-21,916,11,25,6.32,"hypoxic","hypoxic","ambient",2024-06-21 09:16:00,7.7,"normoxic"
2024-06-21,917,10,25,6.34,"hypoxic","hypoxic","ambient",2024-06-21 09:17:00,7.68,"normoxic"
2024-06-21,919,9,24.8,5.35,"hypoxic","hypoxic","ambient",2024-06-21 09:19:00,7.54,"normoxic"
2024-06-21,920,8,25,6.23,"hypoxic","hypoxic","ambient",2024-06-21 09:20:00,7.69,"normoxic"
2024-06-21,921,7,25,6.36,"hypoxic","hypoxic","ambient",2024-06-21 09:21:00,7.71,"normoxic"
2024-06-21,921,6,25,6.56,"control","normoxic","ambient",2024-06-21 09:21:00,7.68,"normoxic"
2024-06-21,922,5,24.9,6.53,"control","normoxic","ambient",2024-06-21 09:22:00,7.67,"normoxic"
2024-06-21,923,4,25,6.61,"control","normoxic","ambient",2024-06-21 09:23:00,7.69,"normoxic"
2024-06-21,923,3,24.9,6.48,"control","normoxic","ambient",2024-06-21 09:23:00,7.69,"normoxic"
2024-06-21,924,2,24.9,6.65,"control","normoxic","ambient",2024-06-21 09:24:00,7.69,"normoxic"
2024-06-21,925,1,24.9,6.31,"control","normoxic","ambient",2024-06-21 09:25:00,7.63,"normoxic"
2024-06-21,1502,24,28.6,6.15,"warm","normoxic","warm",2024-06-21 15:02:00,7.72,"hypoxic"
2024-06-21,1503,23,28.7,6.34,"warm","normoxic","warm",2024-06-21 15:03:00,7.76,"hypoxic"
2024-06-21,1504,22,28.9,6.44,"warm","normoxic","warm",2024-06-21 15:04:00,7.83,"hypoxic"
2024-06-21,1506,21,28.6,5.95,"warm","normoxic","warm",2024-06-21 15:06:00,7.75,"hypoxic"
2024-06-21,1507,20,28.9,6.29,"warm","normoxic","warm",2024-06-21 15:07:00,7.82,"hypoxic"
2024-06-21,1509,19,28.7,6.17,"warm","normoxic","warm",2024-06-21 15:09:00,7.81,"hypoxic"
2024-06-21,1512,18,29.1,0.9,"both","hypoxic","warm",2024-06-21 15:12:00,7.67,"hypoxic"
2024-06-21,1514,17,28.9,1.17,"both","hypoxic","warm",2024-06-21 15:14:00,7.67,"hypoxic"
2024-06-21,1516,16,29,1.27,"both","hypoxic","warm",2024-06-21 15:16:00,7.68,"hypoxic"
2024-06-21,1517,15,28.9,1.24,"both","hypoxic","warm",2024-06-21 15:17:00,7.67,"hypoxic"
2024-06-21,1520,14,29.1,1.2,"both","hypoxic","warm",2024-06-21 15:20:00,7.68,"hypoxic"
2024-06-21,1521,13,29.1,1.73,"both","hypoxic","warm",2024-06-21 15:21:00,7.69,"hypoxic"
2024-06-21,1523,12,26.1,0.78,"hypoxic","hypoxic","ambient",2024-06-21 15:23:00,7.75,"hypoxic"
2024-06-21,1525,11,26.4,0.86,"hypoxic","hypoxic","ambient",2024-06-21 15:25:00,7.79,"hypoxic"
2024-06-21,1526,10,26.4,1.54,"hypoxic","hypoxic","ambient",2024-06-21 15:26:00,7.78,"hypoxic"
2024-06-21,1528,9,26.2,0.91,"hypoxic","hypoxic","ambient",2024-06-21 15:28:00,7.77,"hypoxic"
2024-06-21,1529,8,26.4,0.91,"hypoxic","hypoxic","ambient",2024-06-21 15:29:00,7.78,"hypoxic"
2024-06-21,1531,7,26.2,0.79,"hypoxic","hypoxic","ambient",2024-06-21 15:31:00,7.78,"hypoxic"
2024-06-21,1533,6,26.3,6.3,"control","normoxic","ambient",2024-06-21 15:33:00,7.81,"hypoxic"
2024-06-21,1534,5,26.3,6.51,"control","normoxic","ambient",2024-06-21 15:34:00,7.8,"hypoxic"
2024-06-21,1534,4,26.4,6.54,"control","normoxic","ambient",2024-06-21 15:34:00,7.8,"hypoxic"
2024-06-21,1535,3,26.3,6.51,"control","normoxic","ambient",2024-06-21 15:35:00,7.81,"hypoxic"
2024-06-21,1536,2,26.4,6.55,"control","normoxic","ambient",2024-06-21 15:36:00,7.8,"hypoxic"
2024-06-21,1536,1,26.2,6.56,"control","normoxic","ambient",2024-06-21 15:36:00,7.77,"hypoxic"
2024-06-22,907,1,25.3,5.83,"control","normoxic","ambient",2024-06-22 09:07:00,7.67,"normoxic"
2024-06-22,908,2,25.4,6,"control","normoxic","ambient",2024-06-22 09:08:00,7.69,"normoxic"
2024-06-22,910,3,25.3,5.92,"control","normoxic","ambient",2024-06-22 09:10:00,7.65,"normoxic"
2024-06-22,911,4,25.4,6.09,"control","normoxic","ambient",2024-06-22 09:11:00,7.68,"normoxic"
2024-06-22,912,5,25.3,6.24,"control","normoxic","ambient",2024-06-22 09:12:00,7.68,"normoxic"
2024-06-22,913,6,25.4,6.1,"control","normoxic","ambient",2024-06-22 09:13:00,7.7,"normoxic"
2024-06-22,916,7,25.4,5.84,"hypoxic","hypoxic","ambient",2024-06-22 09:16:00,7.67,"normoxic"
2024-06-22,917,8,25.4,6.03,"hypoxic","hypoxic","ambient",2024-06-22 09:17:00,7.69,"normoxic"
2024-06-22,919,9,25.3,5.76,"hypoxic","hypoxic","ambient",2024-06-22 09:19:00,7.66,"normoxic"
2024-06-22,920,10,25.5,5.71,"hypoxic","hypoxic","ambient",2024-06-22 09:20:00,7.68,"normoxic"
2024-06-22,921,11,25.5,6.18,"hypoxic","hypoxic","ambient",2024-06-22 09:21:00,7.69,"normoxic"
2024-06-22,923,12,25.4,5.81,"hypoxic","hypoxic","ambient",2024-06-22 09:23:00,7.64,"normoxic"
2024-06-22,924,13,28.2,6.33,"both","hypoxic","warm",2024-06-22 09:24:00,7.73,"normoxic"
2024-06-22,925,14,28.2,6.36,"both","hypoxic","warm",2024-06-22 09:25:00,7.74,"normoxic"
2024-06-22,926,15,28.1,6.17,"both","hypoxic","warm",2024-06-22 09:26:00,7.7,"normoxic"
2024-06-22,927,16,28.2,6.23,"both","hypoxic","warm",2024-06-22 09:27:00,7.74,"normoxic"
2024-06-22,927,17,28.2,6.22,"both","hypoxic","warm",2024-06-22 09:27:00,7.71,"normoxic"
2024-06-22,928,18,28.2,6.27,"both","hypoxic","warm",2024-06-22 09:28:00,7.72,"normoxic"
2024-06-22,930,19,28.1,5.94,"warm","normoxic","warm",2024-06-22 09:30:00,7.71,"normoxic"
2024-06-22,932,20,28.2,6.06,"warm","normoxic","warm",2024-06-22 09:32:00,7.73,"normoxic"
2024-06-22,932,21,28,6.12,"warm","normoxic","warm",2024-06-22 09:32:00,7.69,"normoxic"
2024-06-22,934,22,28.2,6.18,"warm","normoxic","warm",2024-06-22 09:34:00,7.74,"normoxic"
2024-06-22,935,23,28.1,6,"warm","normoxic","warm",2024-06-22 09:35:00,7.7,"normoxic"
2024-06-22,937,24,28.1,5.95,"warm","normoxic","warm",2024-06-22 09:37:00,7.69,"normoxic"
2024-06-22,1547,1,25.7,5.84,"control","normoxic","ambient",2024-06-22 15:47:00,7.74,"hypoxic"
2024-06-22,1548,2,25.8,6.15,"control","normoxic","ambient",2024-06-22 15:48:00,7.77,"hypoxic"
2024-06-22,1548,3,25.7,6.1,"control","normoxic","ambient",2024-06-22 15:48:00,7.77,"hypoxic"
2024-06-22,1549,4,25.8,6.05,"control","normoxic","ambient",2024-06-22 15:49:00,7.77,"hypoxic"
2024-06-22,1550,5,25.7,6.05,"control","normoxic","ambient",2024-06-22 15:50:00,7.77,"hypoxic"
2024-06-22,1551,6,25.8,6.11,"control","normoxic","ambient",2024-06-22 15:51:00,7.76,"hypoxic"
2024-06-22,1553,7,25.8,0.98,"hypoxic","hypoxic","ambient",2024-06-22 15:53:00,7.76,"hypoxic"
2024-06-22,1555,8,25.8,1.02,"hypoxic","hypoxic","ambient",2024-06-22 15:55:00,7.76,"hypoxic"
2024-06-22,1557,9,25.8,0.88,"hypoxic","hypoxic","ambient",2024-06-22 15:57:00,7.78,"hypoxic"
2024-06-22,1559,10,25.8,0.82,"hypoxic","hypoxic","ambient",2024-06-22 15:59:00,7.76,"hypoxic"
2024-06-22,1600,11,25.8,1.35,"hypoxic","hypoxic","ambient",2024-06-22 16:00:00,7.76,"hypoxic"
2024-06-22,1602,12,25.8,0.88,"hypoxic","hypoxic","ambient",2024-06-22 16:02:00,7.73,"hypoxic"
2024-06-22,1604,13,28.6,0.67,"both","hypoxic","warm",2024-06-22 16:04:00,7.61,"hypoxic"
2024-06-22,1606,14,28.6,0.63,"both","hypoxic","warm",2024-06-22 16:06:00,7.6,"hypoxic"
2024-06-22,1607,15,28.5,0.68,"both","hypoxic","warm",2024-06-22 16:07:00,7.58,"hypoxic"
2024-06-22,1609,16,28.6,0.6,"both","hypoxic","warm",2024-06-22 16:09:00,7.62,"hypoxic"
2024-06-22,1611,17,28.6,0.71,"both","hypoxic","warm",2024-06-22 16:11:00,7.6,"hypoxic"
2024-06-22,1613,18,28.7,0.57,"both","hypoxic","warm",2024-06-22 16:13:00,7.62,"hypoxic"
2024-06-22,1615,19,28.6,6.33,"warm","normoxic","warm",2024-06-22 16:15:00,7.82,"hypoxic"
2024-06-22,1616,20,28.6,6.42,"warm","normoxic","warm",2024-06-22 16:16:00,7.85,"hypoxic"
2024-06-22,1617,21,28.4,6.34,"warm","normoxic","warm",2024-06-22 16:17:00,7.8,"hypoxic"
2024-06-22,1618,22,28.5,6.42,"warm","normoxic","warm",2024-06-22 16:18:00,7.82,"hypoxic"
2024-06-22,1619,23,28.5,6.49,"warm","normoxic","warm",2024-06-22 16:19:00,7.82,"hypoxic"
2024-06-22,1620,24,28.4,6.46,"warm","normoxic","warm",2024-06-22 16:20:00,7.8,"hypoxic"
2024-06-23,845,24,28,6.17,"warm","normoxic","warm",2024-06-23 08:45:00,7.81,"normoxic"
2024-06-23,846,23,28.1,6.25,"warm","normoxic","warm",2024-06-23 08:46:00,7.8,"normoxic"
2024-06-23,847,22,28,6.23,"warm","normoxic","warm",2024-06-23 08:47:00,7.82,"normoxic"
2024-06-23,847,21,28.1,6.26,"warm","normoxic","warm",2024-06-23 08:47:00,7.79,"normoxic"
2024-06-23,848,20,28.2,6.36,"warm","normoxic","warm",2024-06-23 08:48:00,7.82,"normoxic"
2024-06-23,849,19,28.2,6.42,"warm","normoxic","warm",2024-06-23 08:49:00,7.81,"normoxic"
2024-06-23,850,18,28.2,6.48,"both","hypoxic","warm",2024-06-23 08:50:00,7.77,"normoxic"
2024-06-23,851,17,28.2,6.35,"both","hypoxic","warm",2024-06-23 08:51:00,7.77,"normoxic"
2024-06-23,852,16,28.3,6.37,"both","hypoxic","warm",2024-06-23 08:52:00,7.78,"normoxic"
2024-06-23,853,15,28.2,6.3,"both","hypoxic","warm",2024-06-23 08:53:00,7.75,"normoxic"
2024-06-23,853,14,28.3,6.35,"both","hypoxic","warm",2024-06-23 08:53:00,7.76,"normoxic"
2024-06-23,854,13,28.3,6.38,"both","hypoxic","warm",2024-06-23 08:54:00,7.77,"normoxic"
2024-06-23,856,12,25.6,6.38,"hypoxic","hypoxic","ambient",2024-06-23 08:56:00,7.73,"normoxic"
2024-06-23,856,11,25.6,6.61,"hypoxic","hypoxic","ambient",2024-06-23 08:56:00,7.74,"normoxic"
2024-06-23,857,10,25.5,6.53,"hypoxic","hypoxic","ambient",2024-06-23 08:57:00,7.71,"normoxic"
2024-06-23,858,9,25.5,6.59,"hypoxic","hypoxic","ambient",2024-06-23 08:58:00,7.73,"normoxic"
2024-06-23,859,8,25.3,5.47,"hypoxic","hypoxic","ambient",2024-06-23 08:59:00,7.69,"normoxic"
2024-06-23,900,7,25.5,6.42,"hypoxic","hypoxic","ambient",2024-06-23 09:00:00,7.73,"normoxic"
2024-06-23,901,6,25.3,6.64,"control","normoxic","ambient",2024-06-23 09:01:00,7.73,"normoxic"
2024-06-23,902,5,25.3,6.67,"control","normoxic","ambient",2024-06-23 09:02:00,7.74,"normoxic"
2024-06-23,903,4,25.4,6.71,"control","normoxic","ambient",2024-06-23 09:03:00,7.73,"normoxic"
2024-06-23,903,3,25.4,6.54,"control","normoxic","ambient",2024-06-23 09:03:00,7.73,"normoxic"
2024-06-23,904,2,25.4,6.64,"control","normoxic","ambient",2024-06-23 09:04:00,7.72,"normoxic"
2024-06-23,905,1,25.4,6.57,"control","normoxic","ambient",2024-06-23 09:05:00,7.7,"normoxic"
2024-06-23,1532,24,28.6,5.86,"warm","normoxic","warm",2024-06-23 15:32:00,7.77,"hypoxic"
2024-06-23,1532,23,28.7,6.28,"warm","normoxic","warm",2024-06-23 15:32:00,7.78,"hypoxic"
2024-06-23,1533,22,28.6,6.3,"warm","normoxic","warm",2024-06-23 15:33:00,7.78,"hypoxic"
2024-06-23,1534,21,28.5,6.23,"warm","normoxic","warm",2024-06-23 15:34:00,7.77,"hypoxic"
2024-06-23,1535,20,28.8,6.34,"warm","normoxic","warm",2024-06-23 15:35:00,7.8,"hypoxic"
2024-06-23,1536,19,28.7,6.39,"warm","normoxic","warm",2024-06-23 15:36:00,7.79,"hypoxic"
2024-06-23,1538,18,28.9,0.74,"both","hypoxic","warm",2024-06-23 15:38:00,7.62,"hypoxic"
2024-06-23,1541,17,28.7,0.27,"both","hypoxic","warm",2024-06-23 15:41:00,7.6,"hypoxic"
2024-06-23,1550,16,28.9,0.09,"both","hypoxic","warm",2024-06-23 15:50:00,7.61,"hypoxic"
2024-06-23,1552,15,28.7,0.73,"both","hypoxic","warm",2024-06-23 15:52:00,7.6,"hypoxic"
2024-06-23,1554,14,28.9,0.8,"both","hypoxic","warm",2024-06-23 15:54:00,7.61,"hypoxic"
2024-06-23,1556,13,28.8,0.77,"both","hypoxic","warm",2024-06-23 15:56:00,7.61,"hypoxic"
2024-06-23,1557,12,25.8,1.01,"hypoxic","hypoxic","ambient",2024-06-23 15:57:00,7.74,"hypoxic"
2024-06-23,1559,11,25.9,1.03,"hypoxic","hypoxic","ambient",2024-06-23 15:59:00,7.77,"hypoxic"
2024-06-23,1601,10,25.8,1.14,"hypoxic","hypoxic","ambient",2024-06-23 16:01:00,7.75,"hypoxic"
2024-06-23,1602,9,25.8,1.06,"hypoxic","hypoxic","ambient",2024-06-23 16:02:00,7.76,"hypoxic"
2024-06-23,1604,8,25.9,1.04,"hypoxic","hypoxic","ambient",2024-06-23 16:04:00,7.79,"hypoxic"
2024-06-23,1606,7,25.8,0.99,"hypoxic","hypoxic","ambient",2024-06-23 16:06:00,7.76,"hypoxic"
2024-06-23,1608,6,25.8,5.93,"control","normoxic","ambient",2024-06-23 16:08:00,7.77,"hypoxic"
2024-06-23,1609,5,25.8,6.25,"control","normoxic","ambient",2024-06-23 16:09:00,7.77,"hypoxic"
2024-06-23,1609,4,25.9,6.31,"control","normoxic","ambient",2024-06-23 16:09:00,7.78,"hypoxic"
2024-06-23,1610,3,25.8,6.19,"control","normoxic","ambient",2024-06-23 16:10:00,7.76,"hypoxic"
2024-06-23,1611,2,25.8,6.18,"control","normoxic","ambient",2024-06-23 16:11:00,7.75,"hypoxic"
2024-06-23,1612,1,25.8,6.23,"control","normoxic","ambient",2024-06-23 16:12:00,7.74,"hypoxic"
2024-06-24,851,1,25.3,6.67,"control","normoxic","ambient",2024-06-24 08:51:00,7.67,"normoxic"
2024-06-24,851,2,25.3,6.82,"control","normoxic","ambient",2024-06-24 08:51:00,7.68,"normoxic"
2024-06-24,852,3,25.2,6.97,"control","normoxic","ambient",2024-06-24 08:52:00,7.69,"normoxic"
2024-06-24,853,4,25.3,6.89,"control","normoxic","ambient",2024-06-24 08:53:00,7.69,"normoxic"
2024-06-24,854,5,25.2,6.9,"control","normoxic","ambient",2024-06-24 08:54:00,7.69,"normoxic"
2024-06-24,854,6,25.2,6.83,"control","normoxic","ambient",2024-06-24 08:54:00,7.69,"normoxic"
2024-06-24,856,7,25.3,6.51,"hypoxic","hypoxic","ambient",2024-06-24 08:56:00,7.67,"normoxic"
2024-06-24,857,8,25.3,6.86,"hypoxic","hypoxic","ambient",2024-06-24 08:57:00,7.7,"normoxic"
2024-06-24,858,9,25.3,6.74,"hypoxic","hypoxic","ambient",2024-06-24 08:58:00,7.68,"normoxic"
2024-06-24,858,10,25.3,6.77,"hypoxic","hypoxic","ambient",2024-06-24 08:58:00,7.68,"normoxic"
2024-06-24,859,11,25.3,6.93,"hypoxic","hypoxic","ambient",2024-06-24 08:59:00,7.69,"normoxic"
2024-06-24,859,12,25.3,6.81,"hypoxic","hypoxic","ambient",2024-06-24 08:59:00,7.66,"normoxic"
2024-06-24,900,13,28.3,6.46,"both","hypoxic","warm",2024-06-24 09:00:00,7.68,"normoxic"
2024-06-24,901,14,28.4,6.54,"both","hypoxic","warm",2024-06-24 09:01:00,7.69,"normoxic"
2024-06-24,902,15,28.4,6.04,"both","hypoxic","warm",2024-06-24 09:02:00,7.66,"normoxic"
2024-06-24,903,16,28.6,6.34,"both","hypoxic","warm",2024-06-24 09:03:00,7.7,"normoxic"
2024-06-24,904,17,28.4,6.27,"both","hypoxic","warm",2024-06-24 09:04:00,7.67,"normoxic"
2024-06-24,904,18,28.5,6.31,"both","hypoxic","warm",2024-06-24 09:04:00,7.7,"normoxic"
2024-06-24,905,19,28.4,6.32,"warm","normoxic","warm",2024-06-24 09:05:00,7.7,"normoxic"
2024-06-24,906,20,28.4,6.34,"warm","normoxic","warm",2024-06-24 09:06:00,7.72,"normoxic"
2024-06-24,906,21,28.3,6.2,"warm","normoxic","warm",2024-06-24 09:06:00,7.69,"normoxic"
2024-06-24,907,22,28.3,6.29,"warm","normoxic","warm",2024-06-24 09:07:00,7.71,"normoxic"
2024-06-24,907,23,28.3,6.35,"warm","normoxic","warm",2024-06-24 09:07:00,7.71,"normoxic"
2024-06-24,908,24,28.3,6.24,"warm","normoxic","warm",2024-06-24 09:08:00,7.69,"normoxic"
2024-06-24,1502,1,25.8,5.99,"control","normoxic","ambient",2024-06-24 15:02:00,7.6,"hypoxic"
2024-06-24,1504,2,25.9,6.06,"control","normoxic","ambient",2024-06-24 15:04:00,7.65,"hypoxic"
2024-06-24,1504,3,25.8,6.27,"control","normoxic","ambient",2024-06-24 15:04:00,7.67,"hypoxic"
2024-06-24,1505,4,25.8,6.3,"control","normoxic","ambient",2024-06-24 15:05:00,7.68,"hypoxic"
2024-06-24,1506,5,25.7,6.25,"control","normoxic","ambient",2024-06-24 15:06:00,7.68,"hypoxic"
2024-06-24,1506,6,25.8,6.15,"control","normoxic","ambient",2024-06-24 15:06:00,7.68,"hypoxic"
2024-06-24,1508,7,25.7,1.1,"hypoxic","hypoxic","ambient",2024-06-24 15:08:00,7.71,"hypoxic"
2024-06-24,1510,8,25.5,1.73,"hypoxic","hypoxic","ambient",2024-06-24 15:10:00,7.59,"hypoxic"
2024-06-24,1510,9,25.7,1.69,"hypoxic","hypoxic","ambient",2024-06-24 15:10:00,7.71,"hypoxic"
2024-06-24,1512,10,25.8,1.13,"hypoxic","hypoxic","ambient",2024-06-24 15:12:00,7.73,"hypoxic"
2024-06-24,1514,11,25.8,1.17,"hypoxic","hypoxic","ambient",2024-06-24 15:14:00,7.73,"hypoxic"
2024-06-24,1515,12,25.7,1.38,"hypoxic","hypoxic","ambient",2024-06-24 15:15:00,7.7,"hypoxic"
2024-06-24,1517,13,29,0.9,"both","hypoxic","warm",2024-06-24 15:17:00,7.56,"hypoxic"
2024-06-24,1517,14,29.1,1.32,"both","hypoxic","warm",2024-06-24 15:17:00,7.56,"hypoxic"
2024-06-24,1519,15,28.9,0.85,"both","hypoxic","warm",2024-06-24 15:19:00,7.54,"hypoxic"
2024-06-24,1521,16,29.2,0.61,"both","hypoxic","warm",2024-06-24 15:21:00,7.57,"hypoxic"
2024-06-24,1521,17,29,1.05,"both","hypoxic","warm",2024-06-24 15:21:00,7.56,"hypoxic"
2024-06-24,1523,18,29.2,0.61,"both","hypoxic","warm",2024-06-24 15:23:00,7.58,"hypoxic"
2024-06-24,1525,19,29,6.1,"warm","normoxic","warm",2024-06-24 15:25:00,7.73,"hypoxic"
2024-06-24,1525,20,29,6.25,"warm","normoxic","warm",2024-06-24 15:25:00,7.74,"hypoxic"
2024-06-24,1526,21,28.9,6.1,"warm","normoxic","warm",2024-06-24 15:26:00,7.73,"hypoxic"
2024-06-24,1527,22,28.9,6.17,"warm","normoxic","warm",2024-06-24 15:27:00,7.74,"hypoxic"
2024-06-24,1528,23,28.9,6.33,"warm","normoxic","warm",2024-06-24 15:28:00,7.75,"hypoxic"
2024-06-24,1528,24,28.9,6.21,"warm","normoxic","warm",2024-06-24 15:28:00,7.72,"hypoxic"
