Year,Phase_1_treat,Phase_1_treat_old,Phase_1_rep,Phase_2_treat,Phase_2_treat_old,Phase_2_rep,Tag_color,Tag_num,Tissue_type,Sample_Name_old,Sample_Name,Vial_num,Notes,og_order,filt_out
2024,Both,Both,3,Both,Both,1,O,5,S,Both3_Both1_O5_S,2024_Both03_Both01_O5_S,107,,1,
2024,Both,Both,3,Both,Both,1,O,5,T,Both3_Both1_O5_T,2024_Both03_Both01_O5_T,110,,2,
2024,Both,Both,4,Both,Both,1,O,8,S,Both4_Both1_O8_S,2024_Both04_Both01_O8_S,106,,3,
2024,Both,Both,4,Both,Both,1,O,8,T,Both4_Both1_O8_T,2024_Both04_Both01_O8_T,111,,4,
2024,Cont,Control,2,Both,Both,1,W,3,S,Control2_Both1_W3_S,2024_Cont02_Both01_W3_S,81,,5,
2024,Cont,Control,2,Both,Both,1,W,3,T,Control2_Both1_W3_T,2024_Cont02_Both01_W3_T,78,"2/12 SC When I tried to homogenize the tissue samples, they are clumping in the tube: not yet dry and homogenizer tubes put into the drying oven. 2/14 SC rehomogenized and all set now.",6,
2024,Cont,Control,6,Both,Both,1,W,12,S,Control6_Both1_W12_S,2024_Cont06_Both01_W12_S,80,,7,
2024,Cont,Control,6,Both,Both,1,W,12,T,Control6_Both1_W12_T,2024_Cont06_Both01_W12_T,77,"2/12 SC When I tried to homogenize the tissue samples, they are clumping in the tube.: not yet dry and homogenizer tubes put into the drying oven. 2/14 SC rehomogenized and all set now.",8,
2024,Hyp,Hypoxic,2,Both,Both,1,B,3,S,Hypoxic2_Both1_B3_S,2024_Hyp02_Both01_B3_S,108,,9,
2024,Hyp,Hypoxic,2,Both,Both,1,B,3,T,Hypoxic2_Both1_B3_T,2024_Hyp02_Both01_B3_T,113,,10,
2024,Hyp,Hypoxic,3,Both,Both,1,B,6,S,Hypoxic3_Both1_B6_S,2024_Hyp03_Both01_B6_S,109,,11,
2024,Hyp,Hypoxic,3,Both,Both,1,B,6,T,Hypoxic3_Both1_B6_T,2024_Hyp03_Both01_B6_T,112,,12,
2024,Warm,Warm,4,Both,Both,1,G,7,S,Warm4_Both1_G7_S,2024_Warm04_Both01_G7_S,82,,13,
2024,Warm,Warm,4,Both,Both,1,G,7,T,Warm4_Both1_G7_T,2024_Warm04_Both01_G7_T,79,"2/12 SC When I tried to homogenize the tissue samples, they are clumping in the tube.: not yet dry and homogenizer tubes put into the drying oven. 2/14 SC rehomogenized and all set now.",14,
2024,Warm,Warm,5,Both,Both,1,G,10,S,Warm5_Both1_G10_S,2024_Warm05_Both01_G10_S,84,,15,
2024,Warm,Warm,5,Both,Both,1,G,10,T,Warm5_Both1_G10_T,2024_Warm05_Both01_G10_T,94,"2/19 SC When I tried to homogenize the tissue samples, they are clumping in the tube.: not yet dry and homogenizer tubes put into the drying oven. 2/21 SC rehomogenized and all set now.",16,
2024,Both,Both,1,Cont,Control,1,O,1,S,Both1_Control1_O1_S,2024_Both01_Cont01_O1_S,346,,17,
2024,Both,Both,1,Cont,Control,1,O,1,T,Both1_Control1_O1_T,2024_Both01_Cont01_O1_T,348,6/13/25 SC ended with this one today,18,
2024,Both,Both,3,Cont,Control,1,O,5,S,Both3_Control1_O5_S,2024_Both03_Cont01_O5_S,357,,19,
2024,Both,Both,3,Cont,Control,1,O,5,T,Both3_Control1_O5_T,2024_Both03_Cont01_O5_T,NA,"6/9/2025 SC no tissue inside shell, dead",20,Y
2024,Cont,Control,5,Cont,Control,1,W,9,S,Control5_Control1_W9_S,2024_Cont05_Cont01_W9_S,340,,21,
2024,Cont,Control,6,Cont,Control,1,W,10,S,Control6_Control1_W10_S,2024_Cont06_Cont01_W10_S,341,,22,
2024,Cont,Control,6,Cont,Control,1,W,10,T,Control6_Control1_W10_T,2024_Cont06_Cont01_W10_T,344,,23,
2024,Hyp,Hypoxic,1,Cont,Control,1,B,2,S,Hypoxic1_Control1_B2_S,2024_Hyp01_Cont01_B2_S,339,,24,
2024,Cont,Control,5,Cont,Control,1,W,9,T,Warm3_Control1_G6_S,2024_Cont05_Cont01_W9_T,343,"6/13/25 Fixed this sample name to be correct, had the wrong sample name (G6) but the right information in the other columns. Fixed sample name from Warm3_Control1_G6_S",25,
2024,Hyp,Hypoxic,1,Cont,Control,1,B,2,T,Hypoxic1_Control1_B2_T,2024_Hyp01_Cont01_B2_T,342,,26,
2024,Hyp,Hypoxic,4,Cont,Control,1,B,8,S,Hypoxic4_Control1_B8_S,2024_Hyp04_Cont01_B8_S,361,,27,
2024,Hyp,Hypoxic,4,Cont,Control,1,B,8,T,Hypoxic4_Control1_B8_T,2024_Hyp04_Cont01_B8_T,363,,28,
2024,Warm,Warm,3,Cont,Control,1,G,6,S,Warm3_Control1_G6_S,2024_Warm03_Cont01_G6_S,360,,29,
2024,Warm,Warm,3,Cont,Control,1,G,6,T,Warm3_Control1_G6_T,2024_Warm03_Cont01_G6_T,362,,30,
2024,Warm,Warm,6,Cont,Control,1,G,12,S,Warm6_Control1_G12_S,2024_Warm06_Cont01_G12_S,356,,31,
2024,Warm,Warm,6,Cont,Control,1,G,12,T,Warm6_Control1_G12_T,2024_Warm06_Cont01_G12_T,359,,32,
2024,Both,Both,2,Hyp,Hypoxic,1,O,3,S,Both2_Hypoxic1_O3_S,2024_Both02_Hyp01_O3_S,308,6/6/25 SC ended with this one today,33,
2024,Both,Both,2,Hyp,Hypoxic,1,O,3,T,Both2_Hypoxic1_O3_T,2024_Both02_Hyp01_O3_T,316,,34,
2024,Both,Both,5,Hyp,Hypoxic,1,O,10,S,Both5_Hypoxic1_O10_S,2024_Both05_Hyp01_O10_S,306,,35,
2024,Both,Both,5,Hyp,Hypoxic,1,O,10,T,Both5_Hypoxic1_O10_T,2024_Both05_Hyp01_O10_T,311,,36,
2024,Cont,Control,1,Hyp,Hypoxic,1,W,1,S,Control1_Hypoxic1_W1_S,2024_Cont01_Hyp01_W1_S,302,,37,
2024,Cont,Control,1,Hyp,Hypoxic,1,W,1,T,Control1_Hypoxic1_W1_T,2024_Cont01_Hyp01_W1_T,314,,38,
2024,Cont,Control,4,Hyp,Hypoxic,1,W,7,S,Control4_Hypoxic1_W7_S,2024_Cont04_Hyp01_W7_S,305,,39,
2024,Cont,Control,4,Hyp,Hypoxic,1,W,7,T,Control4_Hypoxic1_W7_T,2024_Cont04_Hyp01_W7_T,310,,40,
2024,Hyp,Hypoxic,5,Hyp,Hypoxic,1,B,9,S,Hypoxic5_Hypoxic1_B9_S,2024_Hyp05_Hyp01_B9_S,301,6/6/25 SC started with this one today,41,
2024,Hyp,Hypoxic,5,Hyp,Hypoxic,1,B,9,T,Hypoxic5_Hypoxic1_B9_T,2024_Hyp05_Hyp01_B9_T,309,6/9/25 SC started with this one today,42,
2024,Hyp,Hypoxic,6,Hyp,Hypoxic,1,B,12,S,Hypoxic6_Hypoxic1_B12_S,2024_Hyp06_Hyp01_B12_S,303,,43,
2024,Hyp,Hypoxic,6,Hyp,Hypoxic,1,B,12,T,Hypoxic6_Hypoxic1_B12_T,2024_Hyp06_Hyp01_B12_T,312,,44,
2024,Warm,Warm,2,Hyp,Hypoxic,1,G,4,S,Warm2_Hypoxic1_G4_S,2024_Warm02_Hyp01_G4_S,304,,45,
2024,Warm,Warm,2,Hyp,Hypoxic,1,G,4,T,Warm2_Hypoxic1_G4_T,2024_Warm02_Hyp01_G4_T,315,,46,
2024,Warm,Warm,6,Hyp,Hypoxic,1,G,11,S,Warm6_Hypoxic1_G11_S,2024_Warm06_Hyp01_G11_S,307,,47,
2024,Warm,Warm,6,Hyp,Hypoxic,1,G,11,T,Warm6_Hypoxic1_G11_T,2024_Warm06_Hyp01_G11_T,313,,48,
2024,Both,Both,1,Warm,Warm,1,O,2,S,Both1_Warm1_O2_S,2024_Both01_Warm01_O2_S,114,,49,
2024,Both,Both,1,Warm,Warm,1,O,2,T,Both1_Warm1_O2_T,2024_Both01_Warm01_O2_T,120,2/28/25 This is one of the samples that the vial number doesn't match up to the weigh boat/ there were four weigh boats and 3 vials DISCOUNT,50,Y
2024,Both,Both,4,Warm,Warm,1,O,8,S,Both4_Warm1_O8_S,2024_Both04_Warm01_O8_S,117,,51,
2024,Both,Both,4,Warm,Warm,1,O,8,T,Both4_Warm1_O8_T,2024_Both04_Warm01_O8_T,123,"2/28/25 SKM This is the correct vial number, but 120-122 should be four samples rather than three based on the weigh boats. Discounting those and not this one.",52,
2024,Cont,Control,1,Warm,Warm,1,W,1,S,Control1_Warm1_W1_S,2024_Cont01_Warm01_W1_S,118,,53,
2024,Cont,Control,1,Warm,Warm,1,W,1,T,Control1_Warm1_W1_T,2024_Cont01_Warm01_W1_T,124,3/5 SC Started with this one today.,54,
2024,Cont,Control,2,Warm,Warm,1,W,3,S,Control2_Warm1_W3_S,2024_Cont02_Warm01_W3_S,147,,55,
2024,Cont,Control,2,Warm,Warm,1,W,3,T,Control2_Warm1_W3_T,2024_Cont02_Warm01_W3_T,144,,56,
2024,Hyp,Hypoxic,3,Warm,Warm,1,B,6,S,Hypoxic3_Warm1_B6_S,2024_Hyp03_Warm01_B6_S,148,,57,
2024,Hyp,Hypoxic,3,Warm,Warm,1,B,6,T,Hypoxic3_Warm1_B6_T,2024_Hyp03_Warm01_B6_T,145,,58,
2024,Hyp,Hypoxic,5,Warm,Warm,1,B,10,S,Hypoxic5_Warm1_B10_S,2024_Hyp05_Warm01_B10_S,115,,59,
2024,Hyp,Hypoxic,5,Warm,Warm,1,B,10,T,Hypoxic5_Warm1_B10_T,2024_Hyp05_Warm01_B10_T,122,2/28/25 This is one of the samples that the vial number doesn't match up to the weigh boat/ there were four weigh boats and 3 vials DISCOUNT,60,Y
2024,Warm,Warm,4,Warm,Warm,1,G,7,S,Warm4_Warm1_G7_S,2024_Warm04_Warm01_G7_S,116,,61,
2024,Warm,Warm,4,Warm,Warm,1,G,7,T,Warm4_Warm1_G7_T,2024_Warm04_Warm01_G7_T,NA,"2/28/25 SKM this one was labelled 119 but thought that was an error based on the order and the appearance of the contents of the vial, DISCOUNT",62,Y
2024,Warm,Warm,5,Warm,Warm,1,G,9,S,Warm5_Warm1_G9_S,2024_Warm05_Warm01_G9_S,119,2/28/25 SKM we changed the 119 label to this one from Warm4_Warm1_G7_T because of the contents of the vial looking like shell and the order of the weigh boats,63,
2024,Warm,Warm,5,Warm,Warm,1,G,9,T,Warm5_Warm1_G9_T,2024_Warm05_Warm01_G9_T,121,2/28/25 This is one of the samples that the vial number doesn't match up to the weigh boat/ there were four weigh boats and 3 vials DISCOUNT,64,Y
2024,Both,Both,5,Both,Both,2,O,21,S,Both5_Both2_O21_S,2024_Both05_Both02_O21_S,92,2/12 SC had a dead shell attached to the top. Was once a double but no tissue found when dissecting.,65,
2024,Both,Both,5,Both,Both,2,O,21,T,Both5_Both2_O21_T,2024_Both05_Both02_O21_T,95,2/12 SC had a dead shell attached to the top. Was once a double but no tissue found when dissecting.,66,
2024,Both,Both,6,Both,Both,2,O,24,S,Both6_Both2_O24_S,2024_Both06_Both02_O24_S,100,,67,
2024,Both,Both,6,Both,Both,2,O,24,T,Both6_Both2_O24_T,2024_Both06_Both02_O24_T,104,,68,
2024,Cont,Control,1,Both,Both,2,W,14,S,Control1_Both2_W14_S,2024_Cont01_Both02_W14_S,97,,69,
2024,Cont,Control,1,Both,Both,2,W,14,T,Control1_Both2_W14_T,2024_Cont01_Both02_W14_T,NA,"2/14 SC Basically no tissue, might've been dead before frozen",70,Y
2024,Cont,Control,3,Both,Both,2,W,18,S,Control3_Both2_W18_S,2024_Cont03_Both02_W18_S,86,,71,
2024,Cont,Control,3,Both,Both,2,W,18,T,Control3_Both2_W18_T,2024_Cont03_Both02_W18_T,89,"2/14 SC When I tried to homogenize the tissue samples, they are clumping in the tube.: not yet dry and homogenizer tubes put into the drying oven. 2/19 SC rehomogenized and all set now.",72,
2024,Hyp,Hypoxic,4,Both,Both,2,B,20,S,Hypoxic4_Both2_B20_S,2024_Hyp04_Both02_B20_S,96,,73,
2024,Hyp,Hypoxic,4,Both,Both,2,B,20,T,Hypoxic4_Both2_B20_T,2024_Hyp04_Both02_B20_T,105,,74,
2024,Hyp,Hypoxic,6,Both,Both,2,B,24,S,Hypoxic6_Both2_B24_S,2024_Hyp06_Both02_B24_S,88,,75,
2024,Hyp,Hypoxic,6,Both,Both,2,B,24,T,Hypoxic6_Both2_B24_T,2024_Hyp06_Both02_B24_T,91,"2/14 SC When I tried to homogenize the tissue samples, they are clumping in the tube.: not yet dry and homogenizer tubes put into the drying oven. 2/19 SC rehomogenized and all set now.",76,
2024,Warm,Warm,3,Both,Both,2,G,18,S,Warm3_Both2_G18_S,2024_Warm03_Both02_G18_S,87,,77,
2024,Warm,Warm,3,Both,Both,2,G,18,T,Warm3_Both2_G18_T,2024_Warm03_Both02_G18_T,90,"2/14 SC When I tried to homogenize the tissue samples, they are clumping in the tube.: not yet dry and homogenizer tubes put into the drying oven. 2/19 SC rehomogenized and all set now.",78,
2024,Warm,Warm,6,Both,Both,2,G,23,S,Warm6_Both2_G23_S,2024_Warm06_Both02_G23_S,98,,79,
2024,Warm,Warm,6,Both,Both,2,G,23,T,Warm6_Both2_G23_T,2024_Warm06_Both02_G23_T,103,,80,
2024,Both,Both,4,Cont,Control,2,O,19,S,Both4_Control2_O19_S,2024_Both04_Cont02_O19_S,207,,81,
2024,Both,Both,4,Cont,Control,2,O,19,T,Both4_Control2_O19_T,2024_Both04_Cont02_O19_T,210,4/4 SC ended with this one today,82,
2024,Both,Both,5,Cont,Control,2,O,21,S,Both5_Control2_O21_S,2024_Both05_Cont02_O21_S,235,"5/9/25 SC dead oyster, had no tissue",83,
2024,Both,Both,5,Cont,Control,2,O,21,T,Both5_Control2_O21_T,2024_Both05_Cont02_O21_T,NA,"5/9/25 SC dead oyster, had no tissue",84,Y
2024,Cont,Control,1,Cont,Control,2,W,14,S,Control1_Control2_W14_S,2024_Cont01_Cont02_W14_S,233,5/12/2025 SC started with this one today,85,
2024,Cont,Control,1,Cont,Control,2,W,14,T,Control1_Control2_W14_T,2024_Cont01_Cont02_W14_T,236,,86,
2024,Cont,Control,2,Cont,Control,2,W,15,S,Control2_Control2_W15_S,2024_Cont02_Cont02_W15_S,206,,87,
2024,Cont,Control,2,Cont,Control,2,W,15,T,Control2_Control2_W15_T,2024_Cont02_Cont02_W15_T,209,,88,
2024,Hyp,Hypoxic,3,Cont,Control,2,B,18,S,Hypoxic3_Control2_B18_S,2024_Hyp03_Cont02_B18_S,215,,89,
2024,Hyp,Hypoxic,3,Cont,Control,2,B,18,T,Hypoxic3_Control2_B18_T,2024_Hyp03_Cont02_B18_T,212,,90,
2024,Hyp,Hypoxic,6,Cont,Control,2,B,23,S,Hypoxic6_Control2_B23_S,2024_Hyp06_Cont02_B23_S,214,,91,
2024,Hyp,Hypoxic,6,Cont,Control,2,B,23,T,Hypoxic6_Control2_B23_T,2024_Hyp06_Cont02_B23_T,211,4/9 SC started with this one today,92,
2024,Warm,Warm,3,Cont,Control,2,G,18,S,Warm3_Control2_G18_S,2024_Warm03_Cont02_G18_S,234,,93,
2024,Warm,Warm,3,Cont,Control,2,G,18,T,Warm3_Control2_G18_T,2024_Warm03_Cont02_G18_T,237,,94,
2024,Warm,Warm,4,Cont,Control,2,G,20,S,Warm4_Control2_G20_S,2024_Warm04_Cont02_G20_S,216,4/9 SC ended with this one today,95,
2024,Warm,Warm,4,Cont,Control,2,G,20,T,Warm4_Control2_G20_T,2024_Warm04_Cont02_G20_T,213,,96,
2024,Both,Both,3,Hyp,Hypoxic,2,O,18,S,Both3_Hypoxic2_O18_S,2024_Both03_Hyp02_O18_S,287,,97,
2024,Both,Both,3,Hyp,Hypoxic,2,O,18,T,Both3_Hypoxic2_O18_T,2024_Both03_Hyp02_O18_T,290,,98,
2024,Both,Both,6,Hyp,Hypoxic,2,O,24,S,Both6_Hypoxic2_O24_S,2024_Both06_Hyp02_O24_S,288,,99,
2024,Both,Both,6,Hyp,Hypoxic,2,O,24,T,Both6_Hypoxic2_O24_T,2024_Both06_Hyp02_O24_T,291,,100,
2024,Cont,Control,2,Hyp,Hypoxic,2,W,16,S,Control2_Hypoxic2_W16_S,2024_Cont02_Hyp02_W16_S,283,,101,
2024,Cont,Control,2,Hyp,Hypoxic,2,W,16,T,Control2_Hypoxic2_W16_T,2024_Cont02_Hyp02_W16_T,286,,102,
2024,Cont,Control,6,Hyp,Hypoxic,2,W,23,S,Control6_Hypoxic2_W23_S,2024_Cont06_Hyp02_W23_S,289,,103,
2024,Cont,Control,6,Hyp,Hypoxic,2,W,23,T,Control6_Hypoxic2_W23_T,2024_Cont06_Hyp02_W23_T,292,,104,
2024,Hyp,Hypoxic,1,Hyp,Hypoxic,2,B,13,S,Hypoxic1_Hypoxic2_B13_S,2024_Hyp01_Hyp02_B13_S,298,,105,
2024,Hyp,Hypoxic,1,Hyp,Hypoxic,2,B,13,T,Hypoxic1_Hypoxic2_B13_T,2024_Hyp01_Hyp02_B13_T,300,5/30/25 SC ended with this one today,106,
2024,Hyp,Hypoxic,5,Hyp,Hypoxic,2,B,22,S,Hypoxic5_Hypoxic2_B22_S,2024_Hyp05_Hyp02_B22_S,281,,107,
2024,Hyp,Hypoxic,5,Hyp,Hypoxic,2,B,22,T,Hypoxic5_Hypoxic2_B22_T,2024_Hyp05_Hyp02_B22_T,284,,108,
2024,Warm,Warm,1,Hyp,Hypoxic,2,G,14,S,Warm1_Hypoxic2_G14_S,2024_Warm01_Hyp02_G14_S,297,,109,
2024,Warm,Warm,1,Hyp,Hypoxic,2,G,14,T,Warm1_Hypoxic2_G14_T,2024_Warm01_Hyp02_G14_T,299,,110,
2024,Warm,Warm,5,Hyp,Hypoxic,2,G,22,S,Warm5_Hypoxic2_G22_S,2024_Warm05_Hyp02_G22_S,282,,111,
2024,Warm,Warm,5,Hyp,Hypoxic,2,G,22,T,Warm5_Hypoxic2_G22_T,2024_Warm05_Hyp02_G22_T,285,,112,
2024,Both,Both,5,Warm,Warm,2,O,22,S,Both5_Warm2_O22_S,2024_Both05_Warm02_O22_S,189,,113,
2024,Both,Both,5,Warm,Warm,2,O,22,T,Both5_Warm2_O22_T,2024_Both05_Warm02_O22_T,192,SC 4/2 started with this one today,114,
2024,Both,Both,6,Warm,Warm,2,O,24,S,Both6_Warm2_O24_S,2024_Both06_Warm02_O24_S,196,,115,
2024,Both,Both,6,Warm,Warm,2,O,24,T,Both6_Warm2_O24_T,2024_Both06_Warm02_O24_T,198,,116,
2024,Cont,Control,3,Warm,Warm,2,W,17,S,Control3_Warm2_W17_S,2024_Cont03_Warm02_W17_S,200,,117,
2024,Cont,Control,3,Warm,Warm,2,W,17,T,Control3_Warm2_W17_T,2024_Cont03_Warm02_W17_T,203,,118,
2024,Cont,Control,6,Warm,Warm,2,W,24,S,Control6_Warm2_W24_S,2024_Cont06_Warm02_W24_S,199,,119,
2024,Cont,Control,6,Warm,Warm,2,W,24,T,Control6_Warm2_W24_T,2024_Cont06_Warm02_W24_T,202,SC 4/4 started with this one today,120,
2024,Hyp,Hypoxic,1,Warm,Warm,2,B,13,S,Hypoxic1_Warm2_B13_S,2024_Hyp01_Warm02_B13_S,201,SC 4/2 Ended with this one today,121,
2024,Hyp,Hypoxic,1,Warm,Warm,2,B,13,T,Hypoxic1_Warm2_B13_T,2024_Hyp01_Warm02_B13_T,204,,122,
2024,Hyp,Hypoxic,4,Warm,Warm,2,B,19,S,Hypoxic4_Warm2_B19_S,2024_Hyp04_Warm02_B19_S,205,,123,
2024,Hyp,Hypoxic,4,Warm,Warm,2,B,19,T,Hypoxic4_Warm2_B19_T,2024_Hyp04_Warm02_B19_T,208,,124,
2024,Warm,Warm,2,Warm,Warm,2,G,15,S,Warm2_Warm2_G15_S,2024_Warm02_Warm02_G15_S,191,3/31 SKM ended with this one today,125,
2024,Warm,Warm,2,Warm,Warm,2,G,15,T,Warm2_Warm2_G15_T,2024_Warm02_Warm02_G15_T,194,,126,
2024,Warm,Warm,6,Warm,Warm,2,G,24,S,Warm6_Warm2_G24_S,2024_Warm06_Warm02_G24_S,190,,127,
2024,Warm,Warm,6,Warm,Warm,2,G,24,T,Warm6_Warm2_G24_T,2024_Warm06_Warm02_G24_T,193,,128,
2024,Both,Both,1,Both,Both,3,O,25,S,Both1_Both3_O25_S,2024_Both01_Both03_O25_S,38,,129,
2024,Both,Both,1,Both,Both,3,O,25,T,Both1_Both3_O25_T,2024_Both01_Both03_O25_T,37,,130,
2024,Both,Both,2,Both,Both,3,O,27,S,Both2_Both3_O27_S,2024_Both02_Both03_O27_S,39,,131,
2024,Both,Both,2,Both,Both,3,O,27,T,Both2_Both3_O27_T,2024_Both02_Both03_O27_T,32,,132,
2024,Cont,Control,4,Both,Both,3,W,31,S,Control4_Both3_W31_S,2024_Cont04_Both03_W31_S,41,,133,
2024,Cont,Control,4,Both,Both,3,W,31,T,Control4_Both3_W31_T,2024_Cont04_Both03_W31_T,34,,134,
2024,Cont,Control,5,Both,Both,3,W,34,S,Control5_Both3_W34_S,2024_Cont05_Both03_W34_S,44,,135,
2024,Cont,Control,5,Both,Both,3,W,34,T,Control5_Both3_W34_T,2024_Cont05_Both03_W34_T,29,,136,
2024,Hyp,Hypoxic,1,Both,Both,3,B,25,S,Hypoxic1_Both3_B25_S,2024_Hyp01_Both03_B25_S,45,,137,
2024,Hyp,Hypoxic,1,Both,Both,3,B,25,T,Hypoxic1_Both3_B25_T,2024_Hyp01_Both03_B25_T,30,,138,
2024,Hyp,Hypoxic,3,Both,Both,3,B,30,S,Hypoxic3_Both3_B30_S,2024_Hyp03_Both03_B30_S,43,,139,
2024,Hyp,Hypoxic,3,Both,Both,3,B,30,T,Hypoxic3_Both3_B30_T,2024_Hyp03_Both03_B30_T,35,,140,
2024,Warm,Warm,1,Both,Both,3,G,26,S,Warm1_Both3_G26_S,2024_Warm01_Both03_G26_S,42,,141,
2024,Warm,Warm,1,Both,Both,3,G,26,T,Warm1_Both3_G26_T,2024_Warm01_Both03_G26_T,36,,142,
2024,Warm,Warm,2,Both,Both,3,G,28,S,Warm2_Both3_G28_S,2024_Warm02_Both03_G28_S,40,,143,
2024,Warm,Warm,2,Both,Both,3,G,28,T,Warm2_Both3_G28_T,2024_Warm02_Both03_G28_T,33,,144,
2024,Both,Both,2,Cont,Control,3,O,27,S,Both2_Control3_O27_S,2024_Both02_Cont03_O27_S,252,,145,
2024,Both,Both,2,Cont,Control,3,O,27,T,Both2_Control3_O27_T,2024_Both02_Cont03_O27_T,253,"5/19 AM ended with this one today; clumped, put back into drying oven",146,
2024,Both,Both,6,Cont,Control,3,O,35,S,Both6_Control3_O35_S,2024_Both06_Cont03_O35_S,248,,147,
2024,Both,Both,6,Cont,Control,3,O,35,T,Both6_Control3_O35_T,2024_Both06_Cont03_O35_T,251,,148,
2024,Cont,Control,1,Cont,Control,3,W,26,S,Control1_Control3_W26_S,2024_Cont01_Cont03_W26_S,246,5/19 SKM started with this one today,149,
2024,Cont,Control,1,Cont,Control,3,W,26,T,Control1_Control3_W26_T,2024_Cont01_Cont03_W26_T,249,"clumped, put back in drying oven",150,
2024,Cont,Control,3,Cont,Control,3,W,30,S,Control3_Control3_W30_S,2024_Cont03_Cont03_W30_S,244,,151,
2024,Cont,Control,3,Cont,Control,3,W,30,T,Control3_Control3_W30_T,2024_Cont03_Cont03_W30_T,245,5/12/2025 SC ended with this one today,152,
2024,Hyp,Hypoxic,2,Cont,Control,3,B,27,S,Hypoxic2_Control3_B27_S,2024_Hyp02_Cont03_B27_S,238,,153,
2024,Hyp,Hypoxic,2,Cont,Control,3,B,27,T,Hypoxic2_Control3_B27_T,2024_Hyp02_Cont03_B27_T,241,,154,
2024,Hyp,Hypoxic,5,Cont,Control,3,B,33,S,Hypoxic5_Control3_B33_S,2024_Hyp05_Cont03_B33_S,247,,155,
2024,Hyp,Hypoxic,5,Cont,Control,3,B,33,T,Hypoxic5_Control3_B33_T,2024_Hyp05_Cont03_B33_T,250,,156,
2024,Warm,Warm,2,Cont,Control,3,G,28,S,Warm2_Control3_G28_S,2024_Warm02_Cont03_G28_S,240,,157,
2024,Warm,Warm,2,Cont,Control,3,G,28,T,Warm2_Control3_G28_T,2024_Warm02_Cont03_G28_T,243,,158,
2024,Warm,Warm,5,Cont,Control,3,G,33,S,Warm5_Control3_G33_S,2024_Warm05_Cont03_G33_S,239,,159,
2024,Warm,Warm,5,Cont,Control,3,G,33,T,Warm5_Control3_G33_T,2024_Warm05_Cont03_G33_T,242,,160,
2024,Both,Both,5,Hyp,Hypoxic,3,O,32,S,Both5_Hypoxic3_O32_S,2024_Both05_Hyp03_O32_S,319,,161,
2024,Both,Both,5,Hyp,Hypoxic,3,O,32,T,Both5_Hypoxic3_O32_T,2024_Both05_Hyp03_O32_T,322,,162,
2024,Both,Both,6,Hyp,Hypoxic,3,O,34,S,Both6_Hypoxic3_O34_S,2024_Both06_Hyp03_O34_S,345,,163,
2024,Both,Both,6,Hyp,Hypoxic,3,O,34,T,Both6_Hypoxic3_O34_T,2024_Both06_Hyp03_O34_T,347,,164,
2024,Cont,Control,3,Hyp,Hypoxic,3,W,30,S,Control3_Hypoxic3_W30_S,2024_Cont03_Hyp03_W30_S,317,,165,
2024,Cont,Control,3,Hyp,Hypoxic,3,W,30,T,Control3_Hypoxic3_W30_T,2024_Cont03_Hyp03_W30_T,320,,166,
2024,Cont,Control,5,Hyp,Hypoxic,3,W,34,S,Control5_Hypoxic3_W34_S,2024_Cont05_Hyp03_W34_S,318,,167,
2024,Cont,Control,5,Hyp,Hypoxic,3,W,34,T,Control5_Hypoxic3_W34_T,2024_Cont05_Hyp03_W34_T,321,,168,
2024,Hyp,Hypoxic,2,Hyp,Hypoxic,3,B,28,S,Hypoxic2_Hypoxic3_B28_S,2024_Hyp02_Hyp03_B28_S,333,6/13/2025 SC started with this one today,169,
2024,Hyp,Hypoxic,2,Hyp,Hypoxic,3,B,28,T,Hypoxic2_Hypoxic3_B28_T,2024_Hyp02_Hyp03_B28_T,336,,170,
2024,Hyp,Hypoxic,4,Hyp,Hypoxic,3,B,32,S,Hypoxic4_Hypoxic3_B32_S,2024_Hyp04_Hyp03_B32_S,334,,171,
2024,Hyp,Hypoxic,4,Hyp,Hypoxic,3,B,32,T,Hypoxic4_Hypoxic3_B32_T,2024_Hyp04_Hyp03_B32_T,337,,172,
2024,Warm,Warm,4,Hyp,Hypoxic,3,G,32,S,Warm4_Hypoxic3_G32_S,2024_Warm04_Hyp03_G32_S,323,,173,
2024,Warm,Warm,4,Hyp,Hypoxic,3,G,32,T,Warm4_Hypoxic3_G32_T,2024_Warm04_Hyp03_G32_T,324,,174,
2024,Warm,Warm,6,Hyp,Hypoxic,3,G,36,S,Warm6_Hypoxic3_G36_S,2024_Warm06_Hyp03_G36_S,335,,175,
2024,Warm,Warm,6,Hyp,Hypoxic,3,G,36,T,Warm6_Hypoxic3_G36_T,2024_Warm06_Hyp03_G36_T,338,,176,
2024,Both,Both,2,Warm,Warm,3,O,27,S,Both2_Warm3_O27_S,2024_Both02_Warm03_O27_S,135,,177,
2024,Both,Both,2,Warm,Warm,3,O,27,T,Both2_Warm3_O27_T,2024_Both02_Warm03_O27_T,141,,178,
2024,Both,Both,3,Warm,Warm,3,O,29,S,Both3_Warm3_O29_S,2024_Both03_Warm03_O29_S,158,,179,
2024,Both,Both,3,Warm,Warm,3,O,29,T,Both3_Warm3_O29_T,2024_Both03_Warm03_O29_T,161,,180,
2024,Cont,Control,4,Warm,Warm,3,W,31,S,Control4_Warm3_W31_S,2024_Cont04_Warm03_W31_S,130,,181,
2024,Cont,Control,4,Warm,Warm,3,W,31,T,Control4_Warm3_W31_T,2024_Cont04_Warm03_W31_T,133,,182,
2024,Cont,Control,5,Warm,Warm,3,W,33,S,Control5_Warm3_W33_S,2024_Cont05_Warm03_W33_S,129,SC 3/19 Started with this one today,183,
2024,Cont,Control,5,Warm,Warm,3,W,33,T,Control5_Warm3_W33_T,2024_Cont05_Warm03_W33_T,132,,184,
2024,Hyp,Hypoxic,2,Warm,Warm,3,B,28,S,Hypoxic2_Warm3_B28_S,2024_Hyp02_Warm03_B28_S,131,,185,
2024,Hyp,Hypoxic,2,Warm,Warm,3,B,28,T,Hypoxic2_Warm3_B28_T,2024_Hyp02_Warm03_B28_T,134,,186,
2024,Hyp,Hypoxic,6,Warm,Warm,3,B,36,S,Hypoxic6_Warm3_B36_S,2024_Hyp06_Warm03_B36_S,136,,187,
2024,Hyp,Hypoxic,6,Warm,Warm,3,B,36,T,Hypoxic6_Warm3_B36_T,2024_Hyp06_Warm03_B36_T,140,,188,
2024,Warm,Warm,1,Warm,Warm,3,G,25,S,Warm1_Warm3_G25_S,2024_Warm01_Warm03_G25_S,142,SC 3/19 Ended with this one today,189,
2024,Warm,Warm,1,Warm,Warm,3,G,25,T,Warm1_Warm3_G25_T,2024_Warm01_Warm03_G25_T,138,,190,
2024,Warm,Warm,3,Warm,Warm,3,G,30,S,Warm3_Warm3_G30_S,2024_Warm03_Warm03_G30_S,137,,191,
2024,Warm,Warm,3,Warm,Warm,3,G,30,T,Warm3_Warm3_G30_T,2024_Warm03_Warm03_G30_T,139,,192,
2024,Both,Both,2,Both,Both,4,O,40,S,Both2_Both4_O40_S,2024_Both02_Both04_O40_S,183,3/31 SKM started with this one todsy,193,
2024,Both,Both,2,Both,Both,4,O,40,T,Both2_Both4_O40_T,2024_Both02_Both04_O40_T,186,,194,
2024,Both,Both,6,Both,Both,4,O,47,S,Both6_Both4_O47_S,2024_Both06_Both04_O47_S,184,,195,
2024,Both,Both,6,Both,Both,4,O,47,T,Both6_Both4_O47_T,2024_Both06_Both04_O47_T,187,,196,
2024,Cont,Control,4,Both,Both,4,W,44,S,Control4_Both4_W44_S,2024_Cont04_Both04_W44_S,178,,197,
2024,Cont,Control,4,Both,Both,4,W,44,T,Control4_Both4_W44_T,2024_Cont04_Both04_W44_T,181,,198,
2024,Cont,Control,6,Both,Both,4,W,48,S,Control6_Both4_W48_S,2024_Cont06_Both04_W48_S,185,,199,
2024,Cont,Control,6,Both,Both,4,W,48,T,Control6_Both4_W48_T,2024_Cont06_Both04_W48_T,188,,200,
2024,Hyp,Hypoxic,4,Both,Both,4,B,43,S,Hypoxic4_Both4_B43_S,2024_Hyp04_Both04_B43_S,195,,201,
2024,Hyp,Hypoxic,4,Both,Both,4,B,43,T,Hypoxic4_Both4_B43_T,2024_Hyp04_Both04_B43_T,197,,202,
2024,Hyp,Hypoxic,6,Both,Both,4,B,48,S,Hypoxic6_Both4_B48_S,2024_Hyp06_Both04_B48_S,99,,203,
2024,Hyp,Hypoxic,6,Both,Both,4,B,48,T,Hypoxic6_Both4_B48_T,2024_Hyp06_Both04_B48_T,102,,204,
2024,Warm,Warm,1,Both,Both,4,G,38,S,Warm1_Both4_G38_S,2024_Warm01_Both04_G38_S,179,,205,
2024,Warm,Warm,1,Both,Both,4,G,38,T,Warm1_Both4_G38_T,2024_Warm01_Both04_G38_T,182,SC 3/28 Ended with this one today,206,
2024,Warm,Warm,2,Both,Both,4,G,40,S,Warm2_Both4_G40_S,2024_Warm02_Both04_G40_S,177,,207,
2024,Warm,Warm,2,Both,Both,4,G,40,T,Warm2_Both4_G40_T,2024_Warm02_Both04_G40_T,180,,208,
2024,Both,Both,1,Cont,Control,4,O,37,S,Both1_Control4_O37_S,2024_Both01_Cont04_O37_S,350,,209,
2024,Both,Both,1,Cont,Control,4,O,37,T,Both1_Control4_O37_T,2024_Both01_Cont04_O37_T,353,,210,
2024,Both,Both,6,Cont,Control,4,O,48,S,Both6_Control4_O48_S,2024_Both06_Cont04_O48_S,331,,211,
2024,Both,Both,6,Cont,Control,4,O,48,T,Both6_Control4_O48_T,2024_Both06_Cont04_O48_T,332,6/9/2025 SC ended with this one today,212,
2024,Cont,Control,4,Cont,Control,4,W,43,S,Control4_Control4_W43_S,2024_Cont04_Cont04_W43_S,327,,213,
2024,Cont,Control,4,Cont,Control,4,W,43,T,Control4_Control4_W43_T,2024_Cont04_Cont04_W43_T,330,,214,
2024,Cont,Control,5,Cont,Control,4,W,46,S,Control5_Control4_W46_S,2024_Cont05_Cont04_W46_S,351,,215,
2024,Cont,Control,5,Cont,Control,4,W,46,T,Control5_Control4_W46_T,2024_Cont05_Cont04_W46_T,354,,216,
2024,Hyp,Hypoxic,1,Cont,Control,4,B,38,S,Hypoxic1_Control4_B38_S,2024_Hyp01_Cont04_B38_S,326,,217,
2024,Hyp,Hypoxic,1,Cont,Control,4,B,38,T,Hypoxic1_Control4_B38_T,2024_Hyp01_Cont04_B38_T,329,,218,
2024,Hyp,Hypoxic,2,Cont,Control,4,B,40,S,Hypoxic2_Control4_B40_S,2024_Hyp02_Cont04_B40_S,349,6/16/25 SC started with this one today,219,
2024,Hyp,Hypoxic,2,Cont,Control,4,B,40,T,Hypoxic2_Control4_B40_T,2024_Hyp02_Cont04_B40_T,352,,220,
2024,Warm,Warm,1,Cont,Control,4,G,37,S,Warm1_Control4_G37_S,2024_Warm01_Cont04_G37_S,325,,221,
2024,Warm,Warm,1,Cont,Control,4,G,37,T,Warm1_Control4_G37_T,2024_Warm01_Cont04_G37_T,328,,222,
2024,Warm,Warm,6,Cont,Control,4,G,47,S,Warm6_Control4_G47_S,2024_Warm06_Cont04_G47_S,355,,223,
2024,Warm,Warm,6,Cont,Control,4,G,47,T,Warm6_Control4_G47_T,2024_Warm06_Cont04_G47_T,358,,224,
2024,Both,Both,1,Hyp,Hypoxic,4,O,37,S,Both1_Hypoxic4_O37_S,2024_Both01_Hyp04_O37_S,293,,225,
2024,Both,Both,1,Hyp,Hypoxic,4,O,37,T,Both1_Hypoxic4_O37_T,2024_Both01_Hyp04_O37_T,295,,226,
2024,Both,Both,2,Hyp,Hypoxic,4,O,40,S,Both2_Hypoxic4_O40_S,2024_Both02_Hyp04_O40_S,261,,227,
2024,Both,Both,2,Hyp,Hypoxic,4,O,40,T,Both2_Hypoxic4_O40_T,2024_Both02_Hyp04_O40_T,264,,228,
2024,Cont,Control,1,Hyp,Hypoxic,4,W,38,S,Control1_Hypoxic4_W38_S,2024_Cont01_Hyp04_W38_S,260,,229,
2024,Cont,Control,1,Hyp,Hypoxic,4,W,38,T,Control1_Hypoxic4_W38_T,2024_Cont01_Hyp04_W38_T,263,,230,
2024,Cont,Control,2,Hyp,Hypoxic,4,W,40,S,Control2_Hypoxic4_W40_S,2024_Cont02_Hyp04_W40_S,254,5/21/2025 SC started with this one today,231,
2024,Cont,Control,2,Hyp,Hypoxic,4,W,40,T,Control2_Hypoxic4_W40_T,2024_Cont02_Hyp04_W40_T,257,,232,
2024,Hyp,Hypoxic,4,Hyp,Hypoxic,4,B,43,S,Hypoxic4_Hypoxic4_B43_S,2024_Hyp04_Hyp04_B43_S,255,,233,
2024,Hyp,Hypoxic,4,Hyp,Hypoxic,4,B,43,T,Hypoxic4_Hypoxic4_B43_T,2024_Hyp04_Hyp04_B43_T,258,,234,
2024,Hyp,Hypoxic,6,Hyp,Hypoxic,4,B,47,S,Hypoxic6_Hypoxic4_B47_S,2024_Hyp06_Hyp04_B47_S,262,,235,
2024,Hyp,Hypoxic,6,Hyp,Hypoxic,4,B,47,T,Hypoxic6_Hypoxic4_B47_T,2024_Hyp06_Hyp04_B47_T,265,,236,
2024,Warm,Warm,3,Hyp,Hypoxic,4,G,41,S,Warm3_Hypoxic4_G41_S,2024_Warm03_Hyp04_G41_S,256,,237,
2024,Warm,Warm,3,Hyp,Hypoxic,4,G,41,T,Warm3_Hypoxic4_G41_T,2024_Warm03_Hyp04_G41_T,259,,238,
2024,Warm,Warm,4,Hyp,Hypoxic,4,G,44,S,Warm4_Hypoxic4_G44_S,2024_Warm04_Hyp04_G44_S,294,,239,
2024,Warm,Warm,4,Hyp,Hypoxic,4,G,44,T,Warm4_Hypoxic4_G44_T,2024_Warm04_Hyp04_G44_T,296,,240,
2024,Both,Both,2,Warm,Warm,4,O,40,S,Both2_Warm4_O40_S,2024_Both02_Warm04_O40_S,157,,241,
2024,Both,Both,2,Warm,Warm,4,O,40,T,Both2_Warm4_O40_T,2024_Both02_Warm04_O40_T,160,,242,
2024,Both,Both,5,Warm,Warm,4,O,46,S,Both5_Warm4_O46_S,2024_Both05_Warm04_O46_S,153,,243,
2024,Both,Both,5,Warm,Warm,4,O,46,T,Both5_Warm4_O46_T,2024_Both05_Warm04_O46_T,156,,244,
2024,Cont,Control,1,Warm,Warm,4,W,38,S,Control1_Warm4_W38_S,2024_Cont01_Warm04_W38_S,152,,245,
2024,Cont,Control,1,Warm,Warm,4,W,38,T,Control1_Warm4_W38_T,2024_Cont01_Warm04_W38_T,155,,246,
2024,Cont,Control,6,Warm,Warm,4,W,47,S,Control6_Warm4_W47_S,2024_Cont06_Warm04_W47_S,126,,247,
2024,Cont,Control,6,Warm,Warm,4,W,47,T,Control6_Warm4_W47_T,2024_Cont06_Warm04_W47_T,125,,248,
2024,Hyp,Hypoxic,3,Warm,Warm,4,B,42,S,Hypoxic3_Warm4_B42_S,2024_Hyp03_Warm04_B42_S,151,SKM 3/21 Started with this one today,249,
2024,Hyp,Hypoxic,3,Warm,Warm,4,B,42,T,Hypoxic3_Warm4_B42_T,2024_Hyp03_Warm04_B42_T,154,,250,
2024,Hyp,Hypoxic,4,Warm,Warm,4,B,44,S,Hypoxic4_Warm4_B44_S,2024_Hyp04_Warm04_B44_S,127,,251,
2024,Hyp,Hypoxic,4,Warm,Warm,4,B,44,T,Hypoxic4_Warm4_B44_T,2024_Hyp04_Warm04_B44_T,150,SC 3/21 Ended with this one today,252,
2024,Warm,Warm,3,Warm,Warm,4,G,41,S,Warm3_Warm4_G41_S,2024_Warm03_Warm04_G41_S,128,SC 3/5 Ended with this one today,253,
2024,Warm,Warm,3,Warm,Warm,4,G,41,T,Warm3_Warm4_G41_T,2024_Warm03_Warm04_G41_T,149,,254,
2024,Warm,Warm,4,Warm,Warm,4,G,44,S,Warm4_Warm4_G44_S,2024_Warm04_Warm04_G44_S,146,,255,
2024,Warm,Warm,4,Warm,Warm,4,G,44,T,Warm4_Warm4_G44_T,2024_Warm04_Warm04_G44_T,143,SC 3/21 Started with this one today,256,
2024,Both,Both,4,Both,Both,5,O,56,S,Both4_Both5_O56_S,2024_Both04_Both05_O56_S,68,,257,
2024,Both,Both,4,Both,Both,5,O,56,T,Both4_Both5_O56_T,2024_Both04_Both05_O56_T,65,,258,
2024,Both,Both,5,Both,Both,5,O,57,S,Both5_Both5_O57_S,2024_Both05_Both05_O57_S,85,,259,
2024,Both,Both,5,Both,Both,5,O,57,T,Both5_Both5_O57_T,2024_Both05_Both05_O57_T,101,,260,
2024,Cont,Control,2,Both,Both,5,W,52,S,Control2_Both5_W52_S,2024_Cont02_Both05_W52_S,70,,261,
2024,Cont,Control,2,Both,Both,5,W,52,T,Control2_Both5_W52_T,2024_Cont02_Both05_W52_T,66,,262,
2024,Cont,Control,3,Both,Both,5,W,54,S,Control3_Both5_W54_S,2024_Cont03_Both05_W54_S,73,,263,
2024,Cont,Control,3,Both,Both,5,W,54,T,Control3_Both5_W54_T,2024_Cont03_Both05_W54_T,74,,264,
2024,Hyp,Hypoxic,1,Both,Both,5,B,49,S,Hypoxic1_Both5_B49_S,2024_Hyp01_Both05_B49_S,72,,265,
2024,Hyp,Hypoxic,1,Both,Both,5,B,49,T,Hypoxic1_Both5_B49_T,2024_Hyp01_Both05_B49_T,75,,266,
2024,Hyp,Hypoxic,5,Both,Both,5,B,58,S,Hypoxic5_Both5_B58_S,2024_Hyp05_Both05_B58_S,69,,267,
2024,Hyp,Hypoxic,5,Both,Both,5,B,58,T,Hypoxic5_Both5_B58_T,2024_Hyp05_Both05_B58_T,67,,268,
2024,Warm,Warm,5,Both,Both,5,G,57,S,Warm5_Both5_G57_S,2024_Warm05_Both05_G57_S,83,2/5/25 SKM found to be a double during processing,269,
2024,Warm,Warm,5,Both,Both,5,G,57,T,Warm5_Both5_G57_T,2024_Warm05_Both05_G57_T,93,"2/5/25 SKM found to be a double during processing. SC 2/19 When I tried to homogenize the tissue samples, they are clumping in the tube.: not yet dry and homogenizer tubes put into the drying oven. 2/21 SC rehomogenized and all set now.",270,
2024,Warm,Warm,6,Both,Both,5,G,60,S,Warm6_Both5_G60_S,2024_Warm06_Both05_G60_S,71,,271,
2024,Warm,Warm,6,Both,Both,5,G,60,T,Warm6_Both5_G60_T,2024_Warm06_Both05_G60_T,76,,272,
2024,Both,Both,3,Cont,Control,5,O,53,S,Both3_Control5_O53_S,2024_Both03_Cont05_O53_S,280,"5/21/2025 SC no tissue in shell, dead",273,
2024,Both,Both,3,Cont,Control,5,O,53,T,Both3_Control5_O53_T,2024_Both03_Cont05_O53_T,NA,"5/21/2025 SC no tissue in shell, dead",274,Y
2024,Both,Both,5,Cont,Control,5,O,57,S,Both5_Control5_O57_S,2024_Both05_Cont05_O57_S,276,,275,
2024,Both,Both,5,Cont,Control,5,O,57,T,Both5_Control5_O57_T,2024_Both05_Cont05_O57_T,279,"5/30/25 SC may be contaminated or weird results, touched table",276,
2024,Cont,Control,3,Cont,Control,5,W,53,S,Control3_Control5_W53_S,2024_Cont03_Cont05_W53_S,267,,277,
2024,Cont,Control,3,Cont,Control,5,W,53,T,Control3_Control5_W53_T,2024_Cont03_Cont05_W53_T,270,,278,
2024,Cont,Control,4,Cont,Control,5,W,55,S,Control4_Control5_W55_S,2024_Cont04_Cont05_W55_S,274,5/30/25 SC started with this one today,279,
2024,Cont,Control,4,Cont,Control,5,W,55,T,Control4_Control5_W55_T,2024_Cont04_Cont05_W55_T,277,,280,
2024,Hyp,Hypoxic,5,Cont,Control,5,B,58,S,Hypoxic5_Control5_B58_S,2024_Hyp05_Cont05_B58_S,266,,281,
2024,Hyp,Hypoxic,5,Cont,Control,5,B,58,T,Hypoxic5_Control5_B58_T,2024_Hyp05_Cont05_B58_T,269,,282,
2024,Hyp,Hypoxic,6,Cont,Control,5,B,60,S,Hypoxic6_Control5_B60_S,2024_Hyp06_Cont05_B60_S,275,,283,
2024,Hyp,Hypoxic,6,Cont,Control,5,B,60,T,Hypoxic6_Control5_B60_T,2024_Hyp06_Cont05_B60_T,278,,284,
2024,Warm,Warm,1,Cont,Control,5,G,50,S,Warm1_Control5_G50_S,2024_Warm01_Cont05_G50_S,272,,285,
2024,Warm,Warm,1,Cont,Control,5,G,50,T,Warm1_Control5_G50_T,2024_Warm01_Cont05_G50_T,273,5/21/2025 SC ended with this one today,286,
2024,Warm,Warm,5,Cont,Control,5,G,58,S,Warm5_Control5_G58_S,2024_Warm05_Cont05_G58_S,268,,287,
2024,Warm,Warm,5,Cont,Control,5,G,58,T,Warm5_Control5_G58_T,2024_Warm05_Cont05_G58_T,271,,288,
2024,Both,Both,1,Hyp,Hypoxic,5,O,49,S,Both1_Hypoxic5_O49_S,2024_Both01_Hyp05_O49_S,229,4/25/25 SC Started with this one today,289,
2024,Both,Both,1,Hyp,Hypoxic,5,O,49,T,Both1_Hypoxic5_O49_T,2024_Both01_Hyp05_O49_T,231,,290,
2024,Both,Both,6,Hyp,Hypoxic,5,O,60,S,Both6_Hypoxic5_O60_S,2024_Both06_Hyp05_O60_S,226,,291,
2024,Both,Both,6,Hyp,Hypoxic,5,O,60,T,Both6_Hypoxic5_O60_T,2024_Both06_Hyp05_O60_T,223,,292,
2024,Cont,Control,5,Hyp,Hypoxic,5,W,57,S,Control5_Hypoxic5_W57_S,2024_Cont05_Hyp05_W57_S,227,bee tag may have flaked into sample,293,
2024,Cont,Control,5,Hyp,Hypoxic,5,W,57,T,Control5_Hypoxic5_W57_T,2024_Cont05_Hyp05_W57_T,224,dropped sample on counter,294,
2024,Cont,Control,6,Hyp,Hypoxic,5,W,60,S,Control6_Hypoxic5_W60_S,2024_Cont06_Hyp05_W60_S,220,,295,
2024,Cont,Control,6,Hyp,Hypoxic,5,W,60,T,Control6_Hypoxic5_W60_T,2024_Cont06_Hyp05_W60_T,217,4/16 SKM started w this one,296,
2024,Hyp,Hypoxic,1,Hyp,Hypoxic,5,B,50,S,Hypoxic1_Hypoxic5_B50_S,2024_Hyp01_Hyp05_B50_S,228,4/16 SKM ended with this one,297,
2024,Hyp,Hypoxic,1,Hyp,Hypoxic,5,B,50,T,Hypoxic1_Hypoxic5_B50_T,2024_Hyp01_Hyp05_B50_T,225,,298,
2024,Hyp,Hypoxic,3,Hyp,Hypoxic,5,B,54,S,Hypoxic3_Hypoxic5_B54_S,2024_Hyp03_Hyp05_B54_S,230,,299,
2024,Hyp,Hypoxic,3,Hyp,Hypoxic,5,B,54,T,Hypoxic3_Hypoxic5_B54_T,2024_Hyp03_Hyp05_B54_T,232,4/25/25 SC Ended with this one today,300,
2024,Warm,Warm,3,Hyp,Hypoxic,5,G,53,S,Warm3_Hypoxic5_G53_S,2024_Warm03_Hyp05_G53_S,221,,301,
2024,Warm,Warm,3,Hyp,Hypoxic,5,G,53,T,Warm3_Hypoxic5_G53_T,2024_Warm03_Hyp05_G53_T,218,,302,
2024,Warm,Warm,5,Hyp,Hypoxic,5,G,57,S,Warm5_Hypoxic5_G57_S,2024_Warm05_Hyp05_G57_S,222,,303,
2024,Warm,Warm,5,Hyp,Hypoxic,5,G,57,T,Warm5_Hypoxic5_G57_T,2024_Warm05_Hyp05_G57_T,219,,304,
2024,Both,Both,1,Warm,Warm,5,O,49,S,Both1_Warm5_O49_S,2024_Both01_Warm05_O49_S,170,3/26 SC ended with this one today,305,
2024,Both,Both,1,Warm,Warm,5,O,49,T,Both1_Warm5_O49_T,2024_Both01_Warm05_O49_T,169,,306,
2024,Both,Both,4,Warm,Warm,5,O,55,S,Both4_Warm5_O55_S,2024_Both04_Warm05_O55_S,171,3/24/25 SKM was once a double but there is only one shell of the second oyster. likely fine to include in analysis because second shell likely already there when entering phase 2.3/28 SC Started with this one today,307,
2024,Both,Both,4,Warm,Warm,5,O,55,T,Both4_Warm5_O55_T,2024_Both04_Warm05_O55_T,174,,308,
2024,Cont,Control,3,Warm,Warm,5,W,53,S,Control3_Warm5_W53_S,2024_Cont03_Warm05_W53_S,173,,309,
2024,Cont,Control,3,Warm,Warm,5,W,53,T,Control3_Warm5_W53_T,2024_Cont03_Warm05_W53_T,176,,310,
2024,Cont,Control,5,Warm,Warm,5,W,57,S,Control5_Warm5_W57_S,2024_Cont05_Warm05_W57_S,165,,311,
2024,Cont,Control,5,Warm,Warm,5,W,57,T,Control5_Warm5_W57_T,2024_Cont05_Warm05_W57_T,168,,312,
2024,Hyp,Hypoxic,2,Warm,Warm,5,B,52,S,Hypoxic2_Warm5_B52_S,2024_Hyp02_Warm05_B52_S,159,,313,
2024,Hyp,Hypoxic,2,Warm,Warm,5,B,52,T,Hypoxic2_Warm5_B52_T,2024_Hyp02_Warm05_B52_T,162,3/24 SKM ended with this one today,314,
2024,Hyp,Hypoxic,6,Warm,Warm,5,B,59,S,Hypoxic6_Warm5_B59_S,2024_Hyp06_Warm05_B59_S,163,3/26 SC started with this one today,315,
2024,Hyp,Hypoxic,6,Warm,Warm,5,B,59,T,Hypoxic6_Warm5_B59_T,2024_Hyp06_Warm05_B59_T,166,,316,
2024,Warm,Warm,1,Warm,Warm,5,G,49,S,Warm1_Warm5_G49_S,2024_Warm01_Warm05_G49_S,164,,317,
2024,Warm,Warm,1,Warm,Warm,5,G,49,T,Warm1_Warm5_G49_T,2024_Warm01_Warm05_G49_T,167,,318,
2024,Warm,Warm,2,Warm,Warm,5,G,52,S,Warm2_Warm5_G52_S,2024_Warm02_Warm05_G52_S,172,,319,
2024,Warm,Warm,2,Warm,Warm,5,G,52,T,Warm2_Warm5_G52_T,2024_Warm02_Warm05_G52_T,175,,320,
2024,Both,Both,1,Both,Both,6,O,62,S,Both1_Both6_O62_S,2024_Both01_Both06_O62_S,26,,321,
2024,Both,Both,1,Both,Both,6,O,62,T,Both1_Both6_O62_T,2024_Both01_Both06_O62_T,24,,322,
2024,Both,Both,3,Both,Both,6,O,65,S,Both3_Both6_O65_S,2024_Both03_Both06_O65_S,21,,323,
2024,Both,Both,3,Both,Both,6,O,65,T,Both3_Both6_O65_T,2024_Both03_Both06_O65_T,17,,324,
2024,Cont,Control,1,Both,Both,6,W,62,S,Control1_Both6_W62_S,2024_Cont01_Both06_W62_S,28,,325,
2024,Cont,Control,1,Both,Both,6,W,62,T,Control1_Both6_W62_T,2024_Cont01_Both06_W62_T,23,,326,
2024,Cont,Control,5,Both,Both,6,W,69,S,Control5_Both6_W69_S,2024_Cont05_Both06_W69_S,27,,327,
2024,Cont,Control,5,Both,Both,6,W,69,T,Control5_Both6_W69_T,2024_Cont05_Both06_W69_T,25,,328,
2024,Hyp,Hypoxic,2,Both,Both,6,B,64,S,Hypoxic2_Both6_B64_S,2024_Hyp02_Both06_B64_S,50,,329,
2024,Hyp,Hypoxic,2,Both,Both,6,B,64,T,Hypoxic2_Both6_B64_T,2024_Hyp02_Both06_B64_T,31,,330,
2024,Hyp,Hypoxic,5,Both,Both,6,B,70,S,Hypoxic5_Both6_B70_S,2024_Hyp05_Both06_B70_S,46,,331,
2024,Hyp,Hypoxic,5,Both,Both,6,B,70,T,Hypoxic5_Both6_B70_T,2024_Hyp05_Both06_B70_T,47,,332,
2024,Warm,Warm,3,Both,Both,6,G,65,S,Warm3_Both6_G65_S,2024_Warm03_Both06_G65_S,20,,333,
2024,Warm,Warm,3,Both,Both,6,G,65,T,Warm3_Both6_G65_T,2024_Warm03_Both06_G65_T,19,,334,
2024,Warm,Warm,4,Both,Both,6,G,67,S,Warm4_Both6_G67_S,2024_Warm04_Both06_G67_S,22,,335,
2024,Warm,Warm,4,Both,Both,6,G,67,T,Warm4_Both6_G67_T,2024_Warm04_Both06_G67_T,18,,336,
2024,Both,Both,2,Cont,Control,6,O,63,S,Both2_Control6_O63_S,2024_Both02_Cont06_O63_S,52,,337,
2024,Both,Both,2,Cont,Control,6,O,63,T,Both2_Control6_O63_T,2024_Both02_Cont06_O63_T,61,,338,
2024,Both,Both,4,Cont,Control,6,O,67,S,Both4_Control6_O67_S,2024_Both04_Cont06_O67_S,64,,339,
2024,Both,Both,4,Cont,Control,6,O,67,T,Both4_Control6_O67_T,2024_Both04_Cont06_O67_T,59,,340,
2024,Cont,Control,2,Cont,Control,6,W,63,S,Control2_Control6_W63_S,2024_Cont02_Cont06_W63_S,62,,341,
2024,Cont,Control,2,Cont,Control,6,W,63,T,Control2_Control6_W63_T,2024_Cont02_Cont06_W63_T,49,,342,
2024,Cont,Control,6,Cont,Control,6,W,72,S,Control6_Control6_W72_S,2024_Cont06_Cont06_W72_S,56,,343,
2024,Cont,Control,6,Cont,Control,6,W,72,T,Control6_Control6_W72_T,2024_Cont06_Cont06_W72_T,53,,344,
2024,Hyp,Hypoxic,3,Cont,Control,6,B,66,S,Hypoxic3_Control6_B66_S,2024_Hyp03_Cont06_B66_S,58,,345,
2024,Hyp,Hypoxic,3,Cont,Control,6,B,66,T,Hypoxic3_Control6_B66_T,2024_Hyp03_Cont06_B66_T,60,,346,
2024,Hyp,Hypoxic,4,Cont,Control,6,B,68,S,Hypoxic4_Control6_B68_S,2024_Hyp04_Cont06_B68_S,51,,347,
2024,Hyp,Hypoxic,4,Cont,Control,6,B,68,T,Hypoxic4_Control6_B68_T,2024_Hyp04_Cont06_B68_T,48,,348,
2024,Warm,Warm,2,Cont,Control,6,G,63,S,Warm2_Control6_G63_S,2024_Warm02_Cont06_G63_S,63,,349,
2024,Warm,Warm,2,Cont,Control,6,G,63,T,Warm2_Control6_G63_T,2024_Warm02_Cont06_G63_T,55,,350,
2024,Warm,Warm,4,Cont,Control,6,G,67,S,Warm4_Control6_G67_S,2024_Warm04_Cont06_G67_S,57,,351,
2024,Warm,Warm,4,Cont,Control,6,G,67,T,Warm4_Control6_G67_T,2024_Warm04_Cont06_G67_T,54,,352,
2024,Both,Both,3,Hyp,Hypoxic,6,O,66,S,Both3_Hypoxic6_O66_S,2024_Both03_Hyp06_O66_S,371,,353,
2024,Both,Both,3,Hyp,Hypoxic,6,O,66,T,Both3_Hypoxic6_O66_T,2024_Both03_Hyp06_O66_T,374,,354,
2024,Both,Both,4,Hyp,Hypoxic,6,O,67,S,Both4_Hypoxic6_O67_S,2024_Both04_Hyp06_O67_S,364,,355,
2024,Both,Both,4,Hyp,Hypoxic,6,O,67,T,Both4_Hypoxic6_O67_T,2024_Both04_Hyp06_O67_T,367,,356,
2024,Cont,Control,3,Hyp,Hypoxic,6,W,65,S,Control3_Hypoxic6_W65_S,2024_Cont03_Hyp06_W65_S,376,,357,
2024,Cont,Control,3,Hyp,Hypoxic,6,W,65,T,Control3_Hypoxic6_W65_T,2024_Cont03_Hyp06_W65_T,378,,358,
2024,Cont,Control,4,Hyp,Hypoxic,6,W,67,S,Control4_Hypoxic6_W67_S,2024_Cont04_Hyp06_W67_S,370,,359,
2024,Cont,Control,4,Hyp,Hypoxic,6,W,67,T,Control4_Hypoxic6_W67_T,2024_Cont04_Hyp06_W67_T,373,6/23/25 SC started with this one today,360,
2024,Hyp,Hypoxic,2,Hyp,Hypoxic,6,B,63,S,Hypoxic2_Hypoxic6_B63_S,2024_Hyp02_Hyp06_B63_S,372,6/16/25 SC ended with this one today,361,
2024,Hyp,Hypoxic,2,Hyp,Hypoxic,6,B,63,T,Hypoxic2_Hypoxic6_B63_T,2024_Hyp02_Hyp06_B63_T,375,,362,
2024,Hyp,Hypoxic,3,Hyp,Hypoxic,6,B,65,S,Hypoxic3_Hypoxic6_B65_S,2024_Hyp03_Hyp06_B65_S,365,,363,
2024,Hyp,Hypoxic,3,Hyp,Hypoxic,6,B,65,T,Hypoxic3_Hypoxic6_B65_T,2024_Hyp03_Hyp06_B65_T,368,,364,
2024,Warm,Warm,1,Hyp,Hypoxic,6,G,62,S,Warm1_Hypoxic6_G62_S,2024_Warm01_Hyp06_G62_S,366,,365,
2024,Warm,Warm,1,Hyp,Hypoxic,6,G,62,T,Warm1_Hypoxic6_G62_T,2024_Warm01_Hyp06_G62_T,369,,366,
2024,Warm,Warm,2,Hyp,Hypoxic,6,G,64,S,Warm2_Hypoxic6_G64_S,2024_Warm02_Hyp06_G64_S,377,,367,
2024,Warm,Warm,2,Hyp,Hypoxic,6,G,64,T,Warm2_Hypoxic6_G64_T,2024_Warm02_Hyp06_G64_T,379,6/23/25 SC ended with this one today,368,
2024,Both,Both,3,Warm,Warm,6,O,66,S,Both3_Warm6_O66_S,2024_Both03_Warm06_O66_S,10,,369,
2024,Both,Both,3,Warm,Warm,6,O,66,T,Both3_Warm6_O66_T,2024_Both03_Warm06_O66_T,7,,370,
2024,Both,Both,6,Warm,Warm,6,O,72,S,Both6_Warm6_O72_S,2024_Both06_Warm06_O72_S,3,,371,
2024,Both,Both,6,Warm,Warm,6,O,72,T,Both6_Warm6_O72_T,2024_Both06_Warm06_O72_T,6,,372,
2024,Cont,Control,2,Warm,Warm,6,W,63,S,Control2_Warm6_W63_S,2024_Cont02_Warm06_W63_S,11,,373,
2024,Cont,Control,2,Warm,Warm,6,W,63,T,Control2_Warm6_W63_T,2024_Cont02_Warm06_W63_T,8,,374,
2024,Cont,Control,4,Warm,Warm,6,W,67,S,Control4_Warm6_W67_S,2024_Cont04_Warm06_W67_S,15,,375,
2024,Cont,Control,4,Warm,Warm,6,W,67,T,Control4_Warm6_W67_T,2024_Cont04_Warm06_W67_T,13,,376,
2024,Hyp,Hypoxic,1,Warm,Warm,6,B,61,S,Hypoxic1_Warm6_B61_S,2024_Hyp01_Warm06_B61_S,16,,377,
2024,Hyp,Hypoxic,1,Warm,Warm,6,B,61,T,Hypoxic1_Warm6_B61_T,2024_Hyp01_Warm06_B61_T,14,,378,
2024,Hyp,Hypoxic,5,Warm,Warm,6,B,69,S,Hypoxic5_Warm6_B69_S,2024_Hyp05_Warm06_B69_S,2,,379,
2024,Hyp,Hypoxic,5,Warm,Warm,6,B,69,T,Hypoxic5_Warm6_B69_T,2024_Hyp05_Warm06_B69_T,5,,380,
2024,Warm,Warm,5,Warm,Warm,6,G,69,S,Warm5_Warm6_G69_S,2024_Warm05_Warm06_G69_S,12,,381,
2024,Warm,Warm,5,Warm,Warm,6,G,69,T,Warm5_Warm6_G69_T,2024_Warm05_Warm06_G69_T,9,,382,
2024,Warm,Warm,6,Warm,Warm,6,G,72,S,Warm6_Warm6_G72_S,2024_Warm06_Warm06_G72_S,1,May have bee tag in sample,383,
2024,Warm,Warm,6,Warm,Warm,6,G,72,T,Warm6_Warm6_G72_T,2024_Warm06_Warm06_G72_T,4,,384,