Sample_Name,Order_pre,Date_MMDDYYYY_year2,Year,Phase_1_treat,Phase_1_rep,Phase_2_treat,Phase_2_rep,Tag_color,Tag_num,Submerged_weight_year2,Dry_weight_year2,double_single_dead_year2,Notes_year2,Actual_shell_year2_mg,Actual_shell_growth_year2_mg,Actual_tissue_year2_mg,Actual_tissue_growth_year2_mg,Ratio_tissue_shell_year2_mg,Phase_1_temp,Phase_1_DO,Phase_2.1_temp,Phase_2.1_DO,Phase1_Phase2_treat,Phase_1_rep_R,Phase_2_rep_R,Exclude_year2
,1,08272025,2025,,,Cont,01,B,11,,,Dead,Dead,,,,,,,,,,,,,Y
,2,08272025,2025,,,Cont,01,G,11,1333.8,2933,,,,,,,,,,,,,,,
,3,08272025,2025,,,Cont,01,B,12,1002.3,2272.8,,,,,,,,,,,,,,,
,4,08272025,2025,,,Cont,01,O,6,,,Dead,Dead,,,,,,,,,,,,,Y
,5,08272025,2025,,,Cont,01,O,2,,,Dead,Dead,,,,,,,,,,,,,Y
,6,08272025,2025,,,Cont,01,NA,NA,,,Dead,Dead,,,,,,,,,,,,,Y
,7,08272025,2025,,,Cont,01,W,6,,,Dead,Dead,,,,,,,,,,,,,Y
,8,08272025,2025,,,Cont,01,W,8,,,Dead,Dead,,,,,,,,,,,,,Y
,9,08272025,2025,,,Cont,01,O,12,,,Dead,Dead,,,,,,,,,,,,,Y
,10,08272025,2025,,,Cont,01,W,12,,,Dead,Dead,,,,,,,,,,,,,Y
,11,08272025,2025,,,Cont,01,G,10,,,Dead,Dead,,,,,,,,,,,,,Y
,12,08272025,2025,,,Cont,01,B,1,,,Dead,Dead,,,,,,,,,,,,,Y
,13,08272025,2025,,,Cont,01,G,5,,,Dead,Dead,,,,,,,,,,,,,Y
,14,08272025,2025,,,Cont,01,W,5,,,Dead,Dead,,,,,,,,,,,,,Y
,15,08272025,2025,,,Cont,01,G,3,,,Dead,Dead,,,,,,,,,,,,,Y
,16,08272025,2025,,,Cont,01,W,7,,,Dead,Dead,,,,,,,,,,,,,Y
,17,08272025,2025,,,Cont,01,O,11,,,Dead,Dead,,,,,,,,,,,,,Y
,18,08272025,2025,,,Cont,01,W,11,,,Dead,Dead,,,,,,,,,,,,,Y
,19,08272025,2025,,,Cont,01,G,4,,,Dead,Dead,,,,,,,,,,,,,Y
,20,08272025,2025,,,Cont,01,NA,NA,,,Dead,Dead,,,,,,,,,,,,,Y
,21,08272025,2025,,,Cont,01,B,10,,,Dead,Dead,,,,,,,,,,,,,Y
,22,08272025,2025,,,Cont,01,O,4,,,Dead,Dead,,,,,,,,,,,,,Y
,23,08272025,2025,,,Cont,01,B,9,,,Dead,Dead,,,,,,,,,,,,,Y
,24,08272025,2025,,,Cont,01,O,3,,,Dead,Dead,,,,,,,,,,,,,Y
,25,08272025,2025,,,Warm,01,O,7,1064.2,2567.1,,,,,,,,,,,,,,,
,26,08272025,2025,,,Warm,01,G,11,1709.9,3890.1,,Piece of shell came off,,,,,,,,,,,,,
,27,08272025,2025,,,Warm,01,O,10,326.1,757.7,,,,,,,,,,,,,,,
,28,08272025,2025,,,Warm,01,B,9,1501.3,4220,,pulled off sea squirt,,,,,,,,,,,,,
,29,08272025,2025,,,Warm,01,G,8,773.2,2026.6,,,,,,,,,,,,,,,
,30,08272025,2025,,,Warm,01,G,5,972.9,2413.7,,,,,,,,,,,,,,,
,31,08272025,2025,,,Warm,01,B,3,617.4,1436.3,,,,,,,,,,,,,,,
,32,08272025,2025,,,Warm,01,NA,NA,1478.9,3629.4,,"tube worm on it, found W2 tag in meso",,,,,,,,,,,,,
,33,08272025,2025,,,Warm,01,W,11,2977.7,7436,,,,,,,,,,,,,,,
,34,08272025,2025,,,Warm,01,G,10,352.7,826.9,,,,,,,,,,,,,,,
,35,08272025,2025,,,Warm,01,B,5,1491,3784,,,,,,,,,,,,,,,
,36,08272025,2025,,,Warm,01,O,11,840.3,2089.4,,,,,,,,,,,,,,,
,37,08272025,2025,,,Warm,01,W,4,702.2,1692.6,,,,,,,,,,,,,,,
,38,08272025,2025,,,Warm,01,G,12,1570.8,4269.4,,,,,,,,,,,,,,,
,39,08272025,2025,,,Warm,01,G,6,1100.5,2691.6,,,,,,,,,,,,,,,
,40,08272025,2025,,,Warm,01,B,11,1247.9,3259,,,,,,,,,,,,,,,
,41,08272025,2025,,,Warm,01,B,12,617.2,1375.2,,,,,,,,,,,,,,,
,42,08272025,2025,,,Warm,01,O,9,570.4,1352.2,,,,,,,,,,,,,,,
,43,08272025,2025,,,Warm,01,O,12,537.4,1504.7,,,,,,,,,,,,,,,
,44,08272025,2025,,,Warm,01,W,5,1233.2,3025.9,,,,,,,,,,,,,,,
,45,08272025,2025,,,Warm,01,B,4,763.3,1881.5,,,,,,,,,,,,,,,
,46,08272025,2025,,,Warm,01,NA,NA,467.4,1068.2,,"grrown into mesh, found W2 tag in meso",,,,,,,,,,,,,
,47,08272025,2025,,,Warm,01,NA,NA,1222.1,2952,,found W2 tag in meso,,,,,,,,,,,,,
,48,08272025,2025,,,Warm,01,O,1,,,Dead,Dead,,,,,,,,,,,,,Y
,49,08272025,2025,,,Warm,01,W,12,,,Dead,Dead,,,,,,,,,,,,,Y
,50,08272025,2025,,,Hyp,01,B,5,708.7,1634.6,,,,,,,,,,,,,,,
,51,08272025,2025,,,Hyp,01,G,1,1425.8,3427.3,,,,,,,,,,,,,,,
,52,08272025,2025,,,Hyp,01,O,6,1120.5,2673.5,,,,,,,,,,,,,,,
,53,08272025,2025,,,Hyp,01,G,6,,,Dead,Dead,,,,,,,,,,,,,Y
,54,08272025,2025,,,Hyp,01,G,2,,,Dead,Dead,,,,,,,,,,,,,Y
,55,08272025,2025,,,Hyp,01,O,12,446,1026.6,,,,,,,,,,,,,,,
,56,08272025,2025,,,Hyp,01,W,8,1055,2409.8,,,,,,,,,,,,,,,
,57,08272025,2025,,,Hyp,01,O,5,950.4,2535.3,,,,,,,,,,,,,,,
,58,08272025,2025,,,Hyp,01,O,9,692.6,1606.5,,,,,,,,,,,,,,,
,59,08272025,2025,,,Hyp,01,W,10,487.5,1328.6,,,,,,,,,,,,,,,
,60,08272025,2025,,,Hyp,01,G,5,333.2,819.2,,,,,,,,,,,,,,,
,61,08272025,2025,,,Hyp,01,B,8,273.8,687.6,,,,,,,,,,,,,,,
,62,08272025,2025,,,Hyp,01,W,11,,,Dead,Dead,,,,,,,,,,,,,Y
,63,08272025,2025,,,Hyp,01,G,12,806,1900.9,,,,,,,,,,,,,,,
,64,08272025,2025,,,Hyp,01,NA,NA,,,Dead,"Dead, untagged",,,,,,,,,,,,,Y
,65,08272025,2025,,,Hyp,01,G,3,743.7,1811,,,,,,,,,,,,,,,
,66,08272025,2025,,,Hyp,01,W,9,670.8,1545.9,,,,,,,,,,,,,,,
,67,08272025,2025,,,Hyp,01,B,10,,,Dead,Dead,,,,,,,,,,,,,Y
,68,08272025,2025,,,Hyp,01,B,6,,,Dead,Dead,,,,,,,,,,,,,Y
,69,08272025,2025,,,Hyp,01,W,12,,,Dead,Dead,,,,,,,,,,,,,Y
,70,08272025,2025,,,Hyp,01,B,7,,,Dead,Dead,,,,,,,,,,,,,Y
,71,08272025,2025,,,Hyp,01,O,11,,,Dead,Dead,,,,,,,,,,,,,Y
,72,08272025,2025,,,Hyp,01,W,2,,,Dead,Dead,,,,,,,,,,,,,Y
,73,08272025,2025,,,Hyp,01,O,4,,,Dead,Dead,,,,,,,,,,,,,Y
,74,08272025,2025,,,Both,01,G,8,788.5,1760.6,,Might be double,,,,,,,,,,,,,
,75,08272025,2025,,,Both,01,B,4,591.6,1435.1,,,,,,,,,,,,,,,
,76,08272025,2025,,,Both,01,G,12,409.8,1049.8,,,,,,,,,,,,,,,
,77,08272025,2025,,,Both ,01,G,9,726.4,1609.3,,,,,,,,,,,,,,,
,78,08272025,2025,,,Both,01,B,1,465.8,1061,,,,,,,,,,,,,,,
,79,08272025,2025,,,Both,01,O,7,459,1057.2,,,,,,,,,,,,,,,
,80,08272025,2025,,,Both,01,O,12,218.7,608.1,,,,,,,,,,,,,,,
,81,08272025,2025,,,Both,01,B,11,322.3,742.6,,,,,,,,,,,,,,,
,82,08272025,2025,,,Both,01,B,5,1206.6,2995.8,,Pulled off mesh,,,,,,,,,,,,,
,83,08272025,2025,,,Both,01,B,12,771.3,2062.9,,,,,,,,,,,,,,,
,84,08272025,2025,,,Both,01,W,11,791.8,2166.8,,,,,,,,,,,,,,,
,85,08272025,2025,,,Both,01,O,6,1141.8,2693.7,,,,,,,,,,,,,,,
,86,08272025,2025,,,Both,01,G,11,752.7,1551.3,,"Double, one died, don’t include in analysis",,,,,,,,,,,,,
,87,08272025,2025,,,Both,01,W,4,428,989.7,,,,,,,,,,,,,,,
,88,08272025,2025,,,Both,01,W,10,230.1,580.8,,,,,,,,,,,,,,,
,89,08272025,2025,,,Both,01,B,2,417.2,1050,,,,,,,,,,,,,,,
,90,08272025,2025,,,Both,01,O,9,1021.9,2539.6,,,,,,,,,,,,,,,
,91,08272025,2025,,,Both,01,W,5,1196.7,2865.1,,,,,,,,,,,,,,,
,92,08272025,2025,,,Both,01,G,2,496.7,1147,,,,,,,,,,,,,,,
,93,08272025,2025,,,Both,01,O,11,1053.1,2511.6,,,,,,,,,,,,,,,
,94,08272025,2025,,,Both,01,O,10,337.1,791.1,,,,,,,,,,,,,,,
,95,08272025,2025,,,Both,01,NA,NA,841.4,1902.6,,Untagged,,,,,,,,,,,,,
,96,08272025,2025,,,Both,01,W,6,919.2,2268.8,,,,,,,,,,,,,,,
,97,08272025,2025,,,Both,01,W,9,707.3,1735.1,,,,,,,,,,,,,,,
,98,08272025,2025,,,Both,01,NA,NA,128.5,307.2,,Untagged,,,,,,,,,,,,,
,99,08272025,2025,,,Cont,02,O,17,1328.6,2977.9,,,,,,,,,,,,,,,
,100,08272025,2025,,,Cont,02,B,17,870.6,2443.8,Dead,"Dead, found while nutrient processing out CBL",,,,,,,,,,,,,Y
,101,08272025,2025,,,Cont,02,B,19,822.6,2016.9,,,,,,,,,,,,,,,
,102,08272025,2025,,,Cont,02,G,23,1581.8,3822.3,,,,,,,,,,,,,,,
,103,08272025,2025,,,Cont,02,NA,NA,748,1870.5,,"Untagged, loose W18 tag in meso",,,,,,,,,,,,,
,104,08272025,2025,,,Cont,02,G,13,1255.2,3819.4,,,,,,,,,,,,,,,
,105,08272025,2025,,,Cont,02,G,24,1408.5,3346.6,,,,,,,,,,,,,,,
,106,08272025,2025,,,Cont,02,O,22,883.4,2178.8,,,,,,,,,,,,,,,
,107,08272025,2025,,,Cont,02,W,23,987.2,2422.2,,,,,,,,,,,,,,,
,108,08272025,2025,,,Cont,02,G,19,,,Dead,Dead,,,,,,,,,,,,,Y
,109,08272025,2025,,,Cont,02,O,13,1309.1,3109.3,,,,,,,,,,,,,,,
,110,08272025,2025,,,Cont,02,O,20,700.3,1642,,,,,,,,,,,,,,,
,111,08272025,2025,,,Cont,02,W,24,723.1,1810.1,,,,,,,,,,,,,,,
,112,08272025,2025,,,Cont,02,G,17,1795.6,4476.7,,,,,,,,,,,,,,,
,113,08272025,2025,,,Cont,02,G,14,959.2,2245.6,,,,,,,,,,,,,,,
,114,08272025,2025,,,Cont,02,B,24,562.5,1312.2,,,,,,,,,,,,,,,
,115,08272025,2025,,,Cont,02,O,14,3053.5,8044.3,,,,,,,,,,,,,,,
,116,08272025,2025,,,Cont,02,B,16,1192,2812.8,,,,,,,,,,,,,,,
,117,08272025,2025,,,Cont,02,W,22,1280.9,2975.6,,,,,,,,,,,,,,,
,118,08272025,2025,,,Cont,02,W,13,1089,2815,,,,,,,,,,,,,,,
,119,08272025,2025,,,Cont,02,W,16,845.3,2031.9,,Pulled off meso mesh,,,,,,,,,,,,,
,120,08272025,2025,,,Cont,02,B,15,1412.8,3325.3,,,,,,,,,,,,,,,
,121,08272025,2025,,,Cont,02,O,18,2027.8,5374.4,,,,,,,,,,,,,,,
,122,08272025,2025,,,Cont,02,B,20,1656.3,4286.2,,,,,,,,,,,,,,,
,123,08272025,2025,,,Warm,02,O,21,455,1029.7,,,,,,,,,,,,,,,
,124,08272025,2025,,,Warm,02,W,18,1742.5,4178.7,,,,,,,,,,,,,,,
,125,08272025,2025,,,Warm,02,G,20,675.7,1667.1,,,,,,,,,,,,,,,
,126,08272025,2025,,,Warm,02,W,19,1382.2,3506.7,,,,,,,,,,,,,,,
,127,08272025,2025,,,Warm,02,W,14,1318.3,3184.4,,,,,,,,,,,,,,,
,128,08272025,2025,,,Warm,02,O,13,908.8,2166.2,,,,,,,,,,,,,,,
,129,08272025,2025,,,Warm,02,G,17,699.1,1949.6,,,,,,,,,,,,,,,
,130,08272025,2025,,,Warm,02,G,19,591.7,1351,,,,,,,,,,,,,,,
,131,08272025,2025,,,Warm,02,G,18,,,Dead,Dead,,,,,,,,,,,,,Y
,132,08272025,2025,,,Warm,02,O,16,587.8,1317.1,,,,,,,,,,,,,,,
,133,08272025,2025,,,Warm,02,W,23,1854.5,4521,,,,,,,,,,,,,,,
,134,08272025,2025,,,Warm,02,W,13,831.9,2130.2,,,,,,,,,,,,,,,
,135,08272025,2025,,,Warm,02,NA,NA,,,Dead,"Dead, untagged",,,,,,,,,,,,,Y
,136,08272025,2025,,,Warm,02,B,21,491.9,1187.5,,,,,,,,,,,,,,,
,137,08272025,2025,,,Warm,02,B,18,1034.5,2213.3,,,,,,,,,,,,,,,
,138,08272025,2025,,,Warm,02,G,23,1277.5,2714.1,,,,,,,,,,,,,,,
,139,08272025,2025,,,Warm,02,W,20,357.7,861.8,,,,,,,,,,,,,,,
,140,08272025,2025,,,Warm,02,O,14,642.9,1599.3,,,,,,,,,,,,,,,
,141,08272025,2025,,,Warm,02,O,23,346.5,957.9,,,,,,,,,,,,,,,
,142,08272025,2025,,,Warm,02,B,14,352.9,933.4,,Tag came off,,,,,,,,,,,,,
,143,08272025,2025,,,Warm,02,G,16,319.5,717.8,,,,,,,,,,,,,,,
,144,08272025,2025,,,Warm,02,B,22,619.9,1475.4,,,,,,,,,,,,,,,
,145,08272025,2025,,,Warm,02,B,17,364,909.2,,,,,,,,,,,,,,,
,146,08272025,2025,,,Warm,02,O,15,371.9,847.2,,,,,,,,,,,,,,,
,147,08272025,2025,,,Hyp,02,B,23,1557.9,3872,,,,,,,,,,,,,,,
,148,08272025,2025,,,Hyp,02,O,23,976.5,2618.9,,,,,,,,,,,,,,,
,149,08272025,2025,,,Hyp,02,W,18,1489.8,3773.2,,,,,,,,,,,,,,,
,150,08272025,2025,,,Hyp,02,O,14,1388.6,3138.9,,,,,,,,,,,,,,,
,151,08272025,2025,,,Hyp,02,W,17,1101,2700.6,,,,,,,,,,,,,,,
,152,08272025,2025,,,Hyp,02,W,24,1695.5,4708.1,,,,,,,,,,,,,,,
,153,08272025,2025,,,Hyp,02,G,20,1580.1,3848.6,,,,,,,,,,,,,,,
,154,08272025,2025,,,Hyp,02,B,16,785.3,1903,,,,,,,,,,,,,,,
,155,08272025,2025,,,Hyp,02,B,15,329.8,803.7,,,,,,,,,,,,,,,
,156,08272025,2025,,,Hyp,02,W,19,1051.6,2755.4,,,,,,,,,,,,,,,
,157,08272025,2025,,,Hyp,02,B,24,925,2534.8,,,,,,,,,,,,,,,
,158,08272025,2025,,,Hyp,02,G,13,,,Dead,Dead,,,,,,,,,,,,,Y
,159,08272025,2025,,,Hyp,02,W,20,1094.2,2722.6,,,,,,,,,,,,,,,
,160,08272025,2025,,,Hyp,02,G,21,969.6,2304.1,,,,,,,,,,,,,,,
,161,08272025,2025,,,Hyp,02,NA,NA,988.3,2402.8,,B21 tag found right under it,,,,,,,,,,,,,
,162,08272025,2025,,,Hyp,02,W,15,1406.4,3349.7,,,,,,,,,,,,,,,
,163,08272025,2025,,,Hyp,02,O,17,2157.9,5204.4,,,,,,,,,,,,,,,
,164,08272025,2025,,,Hyp,02,B,14,757.5,2125.9,,,,,,,,,,,,,,,
,165,08272025,2025,,,Hyp,02,O,19,622.6,1486.7,,Was growing into meso mesh,,,,,,,,,,,,,
,166,08272025,2025,,,Hyp,02,O,20,519.5,1275.7,,,,,,,,,,,,,,,
,167,08272025,2025,,,Hyp,02,O,13,946.9,2535,,,,,,,,,,,,,,,
,168,08272025,2025,,,Hyp,02,G,17,1289.4,3248.7,,,,,,,,,,,,,,,
,169,08272025,2025,,,Hyp,02,G,19,1172,2698.7,,,,,,,,,,,,,,,
,170,08272025,2025,,,Both,02,B,15,1472.6,4366.6,,,,,,,,,,,,,,,
,171,08272025,2025,,,Both,02,W,19,813.7,1861.7,,Bee tag came off while picking up,,,,,,,,,,,,,
,172,08272025,2025,,,Both,02,W,17,1610.2,4048.9,,,,,,,,,,,,,,,
,173,08272025,2025,,,Both,02,W,21,578.7,1418.5,,,,,,,,,,,,,,,
,174,08272025,2025,,,Both,02,O,14,517.1,1309.3,,,,,,,,,,,,,,,
,175,08272025,2025,,,Both,02,G,17,,,Dead,Dead,,,,,,,,,,,,,Y
,176,08272025,2025,,,Both,02,W,13,1015.4,2581.5,,Might be dead--I thought it opened,,,,,,,,,,,,,
,177,08272025,2025,,,Both,02,NA,NA,1136.5,2987.6,,Untagged,,,,,,,,,,,,,
,178,08272025,2025,,,Both,02,O,15,804.7,2029.3,,,,,,,,,,,,,,,
,179,08272025,2025,,,Both,02,W,20,591.4,1324.3,,,,,,,,,,,,,,,
,180,08272025,2025,,,Both,02,G,14,626.5,1492.7,,,,,,,,,,,,,,,
,181,08272025,2025,,,Both,02,O,16,891.6,2404.7,,,,,,,,,,,,,,,
,182,08272025,2025,,,Both,02,O,23,1340,3293.8,,,,,,,,,,,,,,,
,183,08272025,2025,,,Both,02,G,13,1054.8,2539.1,,,,,,,,,,,,,,,
,184,08272025,2025,,,Both,02,G,19,984.7,2480.2,,,,,,,,,,,,,,,
,185,08272025,2025,,,Both,02,W,22,737.1,1706.4,,,,,,,,,,,,,,,
,186,08272025,2025,,,Both,02,B,18,1078.2,2436.7,,,,,,,,,,,,,,,
,187,08272025,2025,,,Both,02,O,22,870.4,2107,,Double,,,,,,,,,,,,,
,188,08272025,2025,,,Both,02,G,24,1188.8,3001.5,,,,,,,,,,,,,,,
,189,08272025,2025,,,Both,02,NA,NA,1272.5,3138,,,,,,,,,,,,,,,
,190,08272025,2025,,,Both,02,B,16,2032,5142.8,,Dropped in meso,,,,,,,,,,,,,
,191,08272025,2025,,,Both,02,B,17,1472.2,3821.8,,,,,,,,,,,,,,,
,192,08272025,2025,,,Both,02,O,13,,,Dead,Dead,,,,,,,,,,,,,Y
,193,08272025,2025,,,Both,02,B,23,,,Dead,Dead,,,,,,,,,,,,,Y
,194,08262025,2025,,,Cont,03,W,29,456.4,1079,,,,,,,,,,,,,,,
,195,08262025,2025,,,Cont,03,B,25,496,1299.7,,7/27 rechecked oysters in meso b/c 2 were marked as B29,,,,,,,,,,,,,
,196,08262025,2025,,,Cont,03,B,26,470,1122.5,,,,,,,,,,,,,,,
,197,08262025,2025,,,Cont,03,NA,NA,402.3,937.7,,"Found W27, G25 and W32 in meso--I think this sample is G25 (photo)",,,,,,,,,,,,,
,198,08262025,2025,,,Cont,03,B,29,632,1570.5,,,,,,,,,,,,,,,
,199,08262025,2025,,,Cont,03,NA,NA,1420.4,3412.9,,"Found W27, G25 and W32 in meso--I think this sample is W27",,,,,,,,,,,,,
,200,08262025,2025,,,Cont,03,O,33,1617.1,3656.3,,Tube worm on it,,,,,,,,,,,,,
,201,08262025,2025,,,Cont,03,B,28,633.1,1413.5,,,,,,,,,,,,,,,
,202,08262025,2025,,,Cont,03,NA,NA,1984.4,4894.5,,"Found W27, G25 and W32 in meso--I think this sample is W32",,,,,,,,,,,,,
,203,08262025,2025,,,Cont,03,O,31,1628.4,3459.3,,,,,,,,,,,,,,,
,204,08262025,2025,,,Cont,03,G,34,2359.3,5133.6,,,,,,,,,,,,,,,
,205,08262025,2025,,,Cont,03,G,32,687.8,1533.6,,,,,,,,,,,,,,,
,206,08262025,2025,,,Cont,03,W,25,358.6,916.8,,,,,,,,,,,,,,,
,207,08262025,2025,,,Cont,03,G,27,1159.9,2702.5,,,,,,,,,,,,,,,
,208,08262025,2025,,,Cont,03,W,28,785.8,1755.1,,,,,,,,,,,,,,,
,209,08262025,2025,,,Cont,03,G,31,628.8,1520.1,,,,,,,,,,,,,,,
,210,08262025,2025,,,Cont,03,B,34,840.6,2103.6,,,,,,,,,,,,,,,
,211,08262025,2025,,,Cont,03,O,34,767.1,1842.8,,,,,,,,,,,,,,,
,212,08262025,2025,,,Cont,03,G,26,936.4,2218.3,,,,,,,,,,,,,,,
,213,08262025,2025,,,Cont,03,O,36,629.5,1609.3,,,,,,,,,,,,,,,
,214,08262025,2025,,,Cont,03,O,32,1213,2683.4,,,,,,,,,,,,,,,
,215,08262025,2025,,,Cont,03,O,28,444.8,1038.6,,,,,,,,,,,,,,,
,216,08262025,2025,,,Cont,03,W,31,861.1,2019.2,,,,,,,,,,,,,,,
,217,08262025,2025,,,Cont,03,B,30,,,Dead,Dead,,,,,,,,,,,,,Y
,218,08262025,2025,,,Warm,03,B,33,1527.6,3872.9,,,,,,,,,,,,,,,
,219,08262025,2025,,,Warm,03,W,32,,,Dead,Dead,,,,,,,,,,,,,Y
,220,08262025,2025,,,Warm,03,O,31,668.6,1569.1,,,,,,,,,,,,,,,
,221,08262025,2025,,,Warm,03,O,32,852.5,2048.6,,,,,,,,,,,,,,,
,222,08262025,2025,,,Warm,03,W,26,550.5,1325.4,,,,,,,,,,,,,,,
,223,08262025,2025,,,Warm,03,B,32,181.3,393.9,,,,,,,,,,,,,,,
,224,08262025,2025,,,Warm,03,O,28,682.6,1596.7,,,,,,,,,,,,,,,
,225,08262025,2025,,,Warm,03,G,34,473.2,1165.2,,,,,,,,,,,,,,,
,226,08262025,2025,,,Warm,03,G,27,597.6,1587.5,,,,,,,,,,,,,,,
,227,08262025,2025,,,Warm,03,NA,NA,837.9,2054.4,,"Untagged, deep cup",,,,,,,,,,,,,
,228,08262025,2025,,,Warm,03,B,34,507,1169.3,,,,,,,,,,,,,,,
,229,08262025,2025,,,Warm,03,O,25,,,Dead,Dead,,,,,,,,,,,,,Y
,230,08262025,2025,,,Warm,03,W,28,415.5,1021.4,,,,,,,,,,,,,,,
,231,08262025,2025,,,Warm,03,B,31,894.8,2349.3,,,,,,,,,,,,,,,
,232,08262025,2025,,,Warm,03,G,26,,,Dead,Dead,,,,,,,,,,,,,Y
,233,08262025,2025,,,Warm,03,W,27,,,Dead,Dead,,,,,,,,,,,,,Y
,234,08262025,2025,,,Warm,03,B,35,809.4,1990.5,,,,,,,,,,,,,,,
,235,08262025,2025,,,Warm,03,O,30,1132.6,2803.7,,,,,,,,,,,,,,,
,236,08262025,2025,,,Warm,03,O,26,546.2,1448.5,,,,,,,,,,,,,,,
,237,08262025,2025,,,Warm,03,G,29,639.7,1899.7,,,,,,,,,,,,,,,
,238,08262025,2025,,,Warm,03,B,27,1545.2,3482.7,,,,,,,,,,,,,,,
,239,08262025,2025,,,Warm,03,W,25,1243.9,3193.4,,,,,,,,,,,,,,,
,240,08262025,2025,,,Warm,03,G,28,596.4,1507.8,,,,,,,,,,,,,,,
,241,08262025,2025,,,Warm,03,W,34,314.7,763.4,,,,,,,,,,,,,,,
,242,08262025,2025,,,Hyp,03,W,28,,,Dead,Dead,,,,,,,,,,,,,Y
,243,08262025,2025,,,Hyp,03,G,34,1055.7,2393.9,,,,,,,,,,,,,,,
,244,08262025,2025,,,Hyp,03,W,29,1399.5,3411.8,,,,,,,,,,,,,,,
,245,08262025,2025,,,Hyp,03,O,25,682.4,1524.5,,,,,,,,,,,,,,,
,246,08262025,2025,,,Hyp,03,O,28,1497.6,3389.3,,,,,,,,,,,,,,,
,247,08262025,2025,,,Hyp,03,B,27,769.7,1973.6,,,,,,,,,,,,,,,
,248,08262025,2025,,,Hyp,03,G,33,1073.1,2418.8,,,,,,,,,,,,,,,
,249,08262025,2025,,,Hyp,03,W,26,541,1345.2,,,,,,,,,,,,,,,
,250,08262025,2025,,,Hyp,03,G,28,572,1364.2,,,,,,,,,,,,,,,
,251,08262025,2025,,,Hyp,03,O,31,730.4,1695.8,,,,,,,,,,,,,,,
,252,08262025,2025,,,Hyp,03,G,27,1441,3351.3,,,,,,,,,,,,,,,
,253,08262025,2025,,,Hyp,03,G,35,604.1,1366,,,,,,,,,,,,,,,
,254,08262025,2025,,,Hyp,03,NA,NA,1558.1,3666.6,,Untagged,,,,,,,,,,,,,
,255,08262025,2025,,,Hyp,03,B,29,660.6,1546.4,,,,,,,,,,,,,,,
,256,08262025,2025,,,Hyp,03,G,31,567.6,1402.8,,,,,,,,,,,,,,,
,257,08262025,2025,,,Hyp,03,W,25,1159.8,2884,,,,,,,,,,,,,,,
,258,08262025,2025,,,Hyp,03,B,30,804.6,2006.1,,,,,,,,,,,,,,,
,259,08262025,2025,,,Hyp,03,W,27,1097.4,2606.9,,,,,,,,,,,,,,,
,260,08262025,2025,,,Hyp,03,B,25,581,1435.3,,,,,,,,,,,,,,,
,261,08262025,2025,,,Hyp,03,B,31,1013.6,2557.7,,,,,,,,,,,,,,,
,262,08262025,2025,,,Hyp,03,B,26,819.1,1859.2,,,,,,,,,,,,,,,
,263,08262025,2025,,,Hyp,03,O,33,668.3,1726.8,,,,,,,,,,,,,,,
,264,08262025,2025,,,Hyp,03,O,26,461.4,1100.8,,,,,,,,,,,,,,,
,265,08262025,2025,,,Hyp,03,O,27,,,Dead,Dead,,,,,,,,,,,,,Y
,266,08262025,2025,,,Both,03,G,31,874.2,2236.3,,,,,,,,,,,,,,,
,267,08262025,2025,,,Both,03,W,32,669.4,1637,,,,,,,,,,,,,,,
,268,08262025,2025,,,Both,03,W,35,1401.4,3798,,,,,,,,,,,,,,,
,269,08262025,2025,,,Both,03,W,33,932.7,2361.8,,,,,,,,,,,,,,,
,270,08262025,2025,,,Both,03,O,28,674.3,1599.4,,,,,,,,,,,,,,,
,271,08262025,2025,,,Both,03,W,28,615.7,1518.8,,,,,,,,,,,,,,,
,272,08262025,2025,,,Both,03,G,32,840.8,2008.8,,,,,,,,,,,,,,,
,273,08262025,2025,,,Both,03,B,28,601.3,1422.8,,,,,,,,,,,,,,,
,274,08262025,2025,,,Both,03,O,33,616.2,1592.9,,,,,,,,,,,,,,,
,275,08262025,2025,,,Both,03,O,30,577.8,1364.3,,,,,,,,,,,,,,,
,276,08262025,2025,,,Both,03,G,34,284.3,639.5,,,,,,,,,,,,,,,
,277,08262025,2025,,,Both,03,B,32,327.3,775,,,,,,,,,,,,,,,
,278,08262025,2025,,,Both,03,W,36,820.9,2000.2,,,,,,,,,,,,,,,
,279,08262025,2025,,,Both,03,O,26,797.2,1828.7,,,,,,,,,,,,,,,
,280,08262025,2025,,,Both,03,O,34,751.8,1908.6,,,,,,,,,,,,,,,
,281,08262025,2025,,,Both,03,O,29,1055.5,2853.8,,,,,,,,,,,,,,,
,282,08262025,2025,,,Both,03,B,26,428.1,1102.4,,Has large tube worm on it,,,,,,,,,,,,,
,283,08262025,2025,,,Both,03,B,27,773.1,1846.8,,,,,,,,,,,,,,,
,284,08262025,2025,,,Both,03,B,31,743.1,1789.4,,,,,,,,,,,,,,,
,285,08262025,2025,,,Both,03,G,33,862.8,2159.3,,,,,,,,,,,,,,,
,286,08262025,2025,,,Both,03,W,27,490.5,1116.9,,,,,,,,,,,,,,,
,287,08262025,2025,,,Both,03,NA,NA,211.4,493.9,,Untagged,,,,,,,,,,,,,
,288,08262025,2025,,,Both,03,G,25,,,Dead,Dead,,,,,,,,,,,,,Y
,289,08262025,2025,,,Both,03,B,29,,,Dead,Dead,,,,,,,,,,,,,Y
,290,08262025,2025,,,Both,03,G,27,,,Dead,"Dead, another half shell in the meso (?)",,,,,,,,,,,,,Y
,291,08262025,2025,,,Cont,04,O,43,1417.1,3344.2,,,,,,,,,,,,,,,
,292,08262025,2025,,,Cont,04,W,48,583.8,1416,,,,,,,,,,,,,,,
,293,08262025,2025,,,Cont,04,O,42,1173.3,2501.1,,,,,,,,,,,,,,,
,294,08262025,2025,,,Cont,04,B,43,705.3,1885,,,,,,,,,,,,,,,
,295,08262025,2025,,,Cont,04,W,39,609.5,1693.1,,Dropped,,,,,,,,,,,,,
,296,08262025,2025,,,Cont,04,O,44,837.1,2140.9,,,,,,,,,,,,,,,
,297,08262025,2025,,,Cont,04,G,44,1231,3020.7,,,,,,,,,,,,,,,
,298,08262025,2025,,,Cont,04,G,48,1004.9,2519.4,,,,,,,,,,,,,,,
,299,08262025,2025,,,Cont,04,O,47,1083,2872.9,,,,,,,,,,,,,,,
,300,08262025,2025,,,Cont,04,W,45,1561,3799.6,,,,,,,,,,,,,,,
,301,08262025,2025,,,Cont,04,G,43,1212.6,3308.5,,,,,,,,,,,,,,,
,302,08262025,2025,,,Cont,04,B,42,1174.7,3096.5,,,,,,,,,,,,,,,
,303,08262025,2025,,,Cont,04,G,39,1148.6,2891.6,,,,,,,,,,,,,,,
,304,08262025,2025,,,Cont,04,B,44,358.1,1274.4,,,,,,,,,,,,,,,
,305,08262025,2025,,,Cont,04,B,37,1026.1,2426.8,,,,,,,,,,,,,,,
,306,08262025,2025,,,Cont,04,B,41,505.4,1478.9,,,,,,,,,,,,,,,
,307,08262025,2025,,,Cont,04,W,47,884,2190.7,,,,,,,,,,,,,,,
,308,08262025,2025,,,Cont,04,O,41,308.8,771.1,,,,,,,,,,,,,,,
,309,08262025,2025,,,Cont,04,G,40,991.3,2442,,,,,,,,,,,,,,,
,310,08262025,2025,,,Cont,04,B,39,726.3,1692.9,,,,,,,,,,,,,,,
,311,08262025,2025,,,Cont,04,O,38,814.8,1936.6,,,,,,,,,,,,,,,
,312,08262025,2025,,,Cont,04,G,38,229.8,562.2,,,,,,,,,,,,,,,
,313,08262025,2025,,,Cont,04,NA,NA,482,1112.6,,Untagged,,,,,,,,,,,,,
,314,08262025,2025,,,Cont,04,W,40,,,Dead,Dead,,,,,,,,,,,,,Y
,315,08262025,2025,,,Warm,04,O,43,813.6,1927.1,,,,,,,,,,,,,,,
,316,08262025,2025,,,Warm,04,O,39,1793.7,4175.6,,,,,,,,,,,,,,,
,317,08262025,2025,,,Warm,04,B,43,977.1,2272.1,,,,,,,,,,,,,,,
,318,08262025,2025,,,Warm,04,W,44,765.6,2009.7,,,,,,,,,,,,,,,
,319,08262025,2025,,,Warm,04,W,40,1319.3,3086.4,,,,,,,,,,,,,,,
,320,08262025,2025,,,Warm,04,G,38,857,2255.8,,,,,,,,,,,,,,,
,321,08262025,2025,,,Warm,04,G,40,1284.4,2975.7,,,,,,,,,,,,,,,
,322,08262025,2025,,,Warm,04,B,41,1291.4,2823,,,,,,,,,,,,,,,
,323,08262025,2025,,,Warm,04,O,44,908.4,2248.7,,,,,,,,,,,,,,,
,324,08262025,2025,,,Warm,04,G,43,1359.7,3272.5,,,,,,,,,,,,,,,
,325,08262025,2025,,,Warm,04,O,48,1265.5,3096.1,,,,,,,,,,,,,,,
,326,08262025,2025,,,Warm,04,NA,NA,1010.2,2767,,Bore hole?,,,,,,,,,,,,,
,327,08262025,2025,,,Warm,04,B,47,415,1037.1,,,,,,,,,,,,,,,
,328,08262025,2025,,,Warm,04,G,39,706,1674.8,,Bee tag came loose,,,,,,,,,,,,,
,329,08262025,2025,,,Warm,04,B,48,961.1,2188.8,,,,,,,,,,,,,,,
,330,08262025,2025,,,Warm,04,G,42,559.5,1448.3,,,,,,,,,,,,,,,
,331,08262025,2025,,,Warm,04,G,37,544.1,1160.6,,,,,,,,,,,,,,,
,332,08262025,2025,,,Warm,04,W,43,757.5,1720.3,,,,,,,,,,,,,,,
,333,08262025,2025,,,Warm,04,B,39,502.9,1175.2,,,,,,,,,,,,,,,
,334,08262025,2025,,,Warm,04,W,37,1069.1,2337.1,,,,,,,,,,,,,,,
,335,08262025,2025,,,Warm,04,O,47,465.4,1171.2,,,,,,,,,,,,,,,
,336,08262025,2025,,,Warm,04,W,39,774.8,1706,,,,,,,,,,,,,,,
,337,08262025,2025,,,Warm,04,O,45,671.9,1568.5,,,,,,,,,,,,,,,
,338,08262025,2025,,,Warm,04,B,40,,,Dead,Dead,,,,,,,,,,,,,Y
,339,08262025,2025,,,Hyp,04,G,39,261.1,673.8,,,,,,,,,,,,,,,
,340,08262025,2025,,,Hyp,04,B,44,937.6,2283.5,,,,,,,,,,,,,,,
,341,08262025,2025,,,Hyp,04,G,43,490,1179.3,,,,,,,,,,,,,,,
,342,08262025,2025,,,Hyp,04,G,40,252,570.3,,,,,,,,,,,,,,,
,343,08262025,2025,,,Hyp,04,B,46,387.7,953.1,,,,,,,,,,,,,,,
,344,08262025,2025,,,Hyp,04,B,45,600.6,1324.4,,,,,,,,,,,,,,,
,345,08262025,2025,,,Hyp,04,W,37,819.3,1878.2,,,,,,,,,,,,,,,
,346,08262025,2025,,,Hyp,04,O,47,202,482,,,,,,,,,,,,,,,
,347,08262025,2025,,,Hyp,04,B,39,834.3,1968.3,,,,,,,,,,,,,,,
,348,08262025,2025,,,Hyp,04,O,39,979.3,2131.7,,,,,,,,,,,,,,,
,349,08262025,2025,,,Hyp,04,G,42,331.4,748.9,,,,,,,,,,,,,,,
,350,08262025,2025,,,Hyp,04,W,42,785.4,1925.9,,,,,,,,,,,,,,,
,351,08262025,2025,,,Hyp,04,O,48,308.1,753.2,,,,,,,,,,,,,,,
,352,08262025,2025,,,Hyp,04,W,43,697.5,1783.1,,,,,,,,,,,,,,,
,353,08262025,2025,,,Hyp,04,W,41,431.1,981.2,,,,,,,,,,,,,,,
,354,08262025,2025,,,Hyp,04,O,44,410,975.4,,,,,,,,,,,,,,,
,355,08262025,2025,,,Hyp,04,G,47,359.8,771.1,,,,,,,,,,,,,,,
,356,08262025,2025,,,Hyp,04,O,43,236.2,615.8,,,,,,,,,,,,,,,
,357,08262025,2025,,,Hyp,04,G,48,293.1,748.1,,,,,,,,,,,,,,,
,358,08262025,2025,,,Hyp,04,W,44,745.4,1678.3,,,,,,,,,,,,,,,
,359,08262025,2025,,,Hyp,04,B,40,610.5,1432.9,,,,,,,,,,,,,,,
,360,08262025,2025,,,Hyp,04,B,48,349.3,796.4,,,,,,,,,,,,,,,
,361,08262025,2025,,,Hyp,04,O,38,320.7,779.8,,,,,,,,,,,,,,,
,362,08262025,2025,,,Both,04,W,41,1086.7,3269.2,,,,,,,,,,,,,,,
,363,08262025,2025,,,Both,04,B,39,1658.6,4173.8,,,,,,,,,,,,,,,
,364,08262025,2025,,,Both,04,W,42,1008.4,2395.6,,,,,,,,,,,,,,,
,365,08262025,2025,,,Both,04,O,43,794.8,1808.5,,,,,,,,,,,,,,,
,366,08262025,2025,,,Both,04,W,40,514.4,1227.1,,,,,,,,,,,,,,,
,367,08262025,2025,,,Both,04,W,43,1375.3,3233.3,,,,,,,,,,,,,,,
,368,08262025,2025,,,Both,04,O,46,250,629.5,,,,,,,,,,,,,,,
,369,08262025,2025,,,Both,04,O,39,213.4,514.3,,,,,,,,,,,,,,,
,370,08262025,2025,,,Both,04,G,37,1212.4,3293.3,,,,,,,,,,,,,,,
,371,08262025,2025,,,Both,04,G,44,757.9,1971.1,,,,,,,,,,,,,,,
,372,08262025,2025,,,Both,04,G,41,430.9,1012.2,,,,,,,,,,,,,,,
,373,08262025,2025,,,Both,04,O,45,460.1,1093.3,,,,,,,,,,,,,,,
,374,08262025,2025,,,Both,04,B,47,939,2187.1,,Dropped on table after buoyant weight,,,,,,,,,,,,,
,375,08262025,2025,,,Both,04,W,39,738.4,1848.5,,,,,,,,,,,,,,,
,376,08262025,2025,,,Both,04,B,38,905.4,2145.1,,,,,,,,,,,,,,,
,377,08262025,2025,,,Both,04,O,44,475.9,1214.4,,,,,,,,,,,,,,,
,378,08262025,2025,,,Both,04,B,40,1037,2328.3,,,,,,,,,,,,,,,
,379,08262025,2025,,,Both,04,B,44,326.6,764.1,,,,,,,,,,,,,,,
,380,08262025,2025,,,Both,04,G,42,942.1,2135.5,,,,,,,,,,,,,,,
,381,08262025,2025,,,Both,04,G,43,822.4,2222.5,,,,,,,,,,,,,,,
,382,08262025,2025,,,Both,04,G,39,555.6,1341,,,,,,,,,,,,,,,
,383,08262025,2025,,,Both,04,B,37,731,1832.1,,Broke slightly when picked up,,,,,,,,,,,,,
,384,08262025,2025,,,Both,04,W,47,214.4,561.8,,,,,,,,,,,,,,,
,385,08262025,2025,,,Both,04,O,48,,,Dead,Dead,,,,,,,,,,,,,Y
,386,08252025,2025,,,Cont,05,W,54,2477,6247.4,,,,,,,,,,,,,,,
,387,08252025,2025,,,Cont,05,B,57,985.7,2624.4,,,,,,,,,,,,,,,
,388,08252025,2025,,,Cont,05,NA,NA,1464.6,3360,,"Untagged, found extra tag in meso (W57)",,,,,,,,,,,,,
,389,08252025,2025,,,Cont,05,G,54,697.3,1681.2,,,,,,,,,,,,,,,
,390,08252025,2025,,,Cont,05,B,50,1088.5,2753.6,,,,,,,,,,,,,,,
,391,08252025,2025,,,Cont,05,W,56,1530.8,3701.9,,,,,,,,,,,,,,,
,392,08252025,2025,,,Cont,05,B,59,1492.6,3485,,,,,,,,,,,,,,,
,393,08252025,2025,,,Cont,05,G,60,913.5,2162.1,,,,,,,,,,,,,,,
,394,08252025,2025,,,Cont,05,O,58,3088.8,7294.4,,,,,,,,,,,,,,,
,395,08252025,2025,,,Cont,05,G,49,1246.5,3389.7,,,,,,,,,,,,,,,
,396,08252025,2025,,,Cont,05,B,52,852.4,2091.7,,,,,,,,,,,,,,,
,397,08252025,2025,,,Cont,05,G,57,1077.5,2489.7,,,,,,,,,,,,,,,
,398,08252025,2025,,,Cont,05,O,52,662.2,1593.9,,,,,,,,,,,,,,,
,399,08252025,2025,,,Cont,05,B,51,1293.9,3366.5,,,,,,,,,,,,,,,
,400,08252025,2025,,,Cont,05,W,58,747.1,1810.3,,,,,,,,,,,,,,,
,401,08252025,2025,,,Cont,05,B,49,1347.3,3618.1,,,,,,,,,,,,,,,
,402,08252025,2025,,,Cont,05,O,51,1800.8,4047.8,,Hit side of scale,,,,,,,,,,,,,
,403,08252025,2025,,,Cont,05,G,53,1121.2,2849.2,,,,,,,,,,,,,,,
,404,08252025,2025,,,Cont,05,G,59,1808.4,4490.6,,,,,,,,,,,,,,,
,405,08252025,2025,,,Cont,05,O,59,1647,4015.3,,,,,,,,,,,,,,,
,406,08252025,2025,,,Cont,05,O,60,806.7,1829.8,,,,,,,,,,,,,,,
,407,08252025,2025,,,Cont,05,W,49,1402,3307.3,,,,,,,,,,,,,,,
,408,08252025,2025,,,Cont,05,O,54,3219,7533.1,,,,,,,,,,,,,,,
,409,08252025,2025,,,Cont,05,NA,NA,2903.4,6618.2,,"Untagged, found W57 tag in meso",,,,,,,,,,,,,
,410,08252025,2025,,,Warm,05,O,54,1096.3,2645.7,,,,,,,,,,,,,,,
,411,08252025,2025,,,Warm,05,O,57,1654.2,3941.1,,,,,,,,,,,,,,,
,412,08252025,2025,,,Warm,05,B,57,1754,4165.6,,"Bee tag came off when putting back, has a round indent",,,,,,,,,,,,,
,413,08252025,2025,,,Warm,05,O,56,1554,3564.9,,,,,,,,,,,,,,,
,414,08252025,2025,,,Warm,05,G,57,1152.5,2734.5,,,,,,,,,,,,,,,
,415,08252025,2025,,,Warm,05,G,51,1878,4516.3,,,,,,,,,,,,,,,
,416,08252025,2025,,,Warm,05,G,50,804.6,1913.9,,,,,,,,,,,,,,,
,417,08252025,2025,,,Warm,05,G,59,1038.4,2452.2,,,,,,,,,,,,,,,
,418,08252025,2025,,,Warm,05,W,58,1869.9,4607.1,,"Dropped on lap, shell flaked",,,,,,,,,,,,,
,419,08252025,2025,,,Warm,05,O,58,855,1888.2,,,,,,,,,,,,,,,
,420,08252025,2025,,,Warm,05,B,53,950.3,2148.2,,,,,,,,,,,,,,,
,421,08252025,2025,,,Warm,05,W,60,1662.2,4076.6,,,,,,,,,,,,,,,
,422,08252025,2025,,,Warm,05,W,50,863.6,1922.1,,,,,,,,,,,,,,,
,423,08252025,2025,,,Warm,05,W,49,864.3,2091.6,,,,,,,,,,,,,,,
,424,08252025,2025,,,Warm,05,B,60,900.1,2105.7,,,,,,,,,,,,,,,
,425,08252025,2025,,,Warm,05,W,59,1056.5,2670.2,,"Accidentally put these back in the water, wating another 1 hour after patting dry so they aren't out of the water too long",,,,,,,,,,,,,
,426,08252025,2025,,,Warm,05,O,53,528.4,1260,,"Accidentally put these back in the water, wating another 1 hour after patting dry so they aren't out of the water too long",,,,,,,,,,,,,
,427,08252025,2025,,,Warm,05,B,54,1445.3,3368.8,,"Accidentally put these back in the water, wating another 1 hour after patting dry so they aren't out of the water too long",,,,,,,,,,,,,
,428,08252025,2025,,,Warm,05,B,58,366.8,836.2,,"Accidentally put these back in the water, wating another 1 hour after patting dry so they aren't out of the water too long",,,,,,,,,,,,,
,429,08252025,2025,,,Warm,05,NA,NA,,,Dead,"Dead, found a G58 tag floating around in this meso",,,,,,,,,,,,,Y
,430,08252025,2025,,,Warm,05,G,60,,,Dead,Dead,,,,,,,,,,,,,Y
,431,08252025,2025,,,Warm,05,B,51,,,Dead,Dead,,,,,,,,,,,,,Y
,432,08252025,2025,,,Warm,05,W,54,,,Dead,Dead,,,,,,,,,,,,,Y
,433,08252025,2025,,,Hyp,05,G,52,1910.8,4562.6,,Pulled off meso lid mesh,,,,,,,,,,,,,
,434,08252025,2025,,,Hyp,05,W,59,1366.8,3152.4,,Pulled off meso lid mesh,,,,,,,,,,,,,
,435,08252025,2025,,,Hyp,05,O,58,1306.5,3243.4,,,,,,,,,,,,,,,
,436,08252025,2025,,,Hyp,05,B,53,1407.3,3300,,7/27 changed to B53 after rechecking oysters in mesos,,,,,,,,,,,,,
,437,08252025,2025,,,Hyp,05,G,59,2244.9,5887.1,,,,,,,,,,,,,,,
,438,08252025,2025,,,Hyp,05,W,50,2052.5,5159.2,,,,,,,,,,,,,,,
,439,08252025,2025,,,Hyp,05,B,49,1784.9,4188.8,,,,,,,,,,,,,,,
,440,08252025,2025,,,Hyp,05,NA,NA,1652.4,3991.5,,Untagged,,,,,,,,,,,,,
,441,08252025,2025,,,Hyp,05,B,57,1718.4,3684.7,,,,,,,,,,,,,,,
,442,08252025,2025,,,Hyp,05,B,55,2548.5,5923.6,,,,,,,,,,,,,,,
,443,08252025,2025,,,Hyp,05,W,51,849.8,1926.8,,,,,,,,,,,,,,,
,444,08252025,2025,,,Hyp,05,G,60,1233.6,2810.8,,,,,,,,,,,,,,,
,445,08252025,2025,,,Hyp,05,O,57,872.1,2416.4,,,,,,,,,,,,,,,
,446,08252025,2025,,,Hyp,05,O,59,1281.9,2957.7,,Stuck to another w/a mussel,,,,,,,,,,,,,
,447,08252025,2025,,,Hyp,05,W,52,957.4,2173.1,,Stuck to another w/a mussel,,,,,,,,,,,,,
,448,08252025,2025,,,Hyp,05,G,54,509.7,1199.2,,,,,,,,,,,,,,,
,449,08252025,2025,,,Hyp,05,O,53,650.6,1491.9,,,,,,,,,,,,,,,
,450,08252025,2025,,,Hyp,05,G,58,473.4,1177.2,,,,,,,,,,,,,,,
,451,08252025,2025,,,Hyp,05,W,49,608.5,1345.7,,,,,,,,,,,,,,,
,452,08252025,2025,,,Hyp,05,O,54,1536.1,3537.1,,,,,,,,,,,,,,,
,453,08252025,2025,,,Hyp,05,NA,NA,,,Dead,Dead,,,,,,,,,,,,,Y
,454,08252025,2025,,,Hyp,05,B,56,,,Dead,"Dead, 7/27 fixed from B55 to B56",,,,,,,,,,,,,Y
,455,08252025,2025,,,Hyp,05,G,51,,,Dead,Dead,,,,,,,,,,,,,Y
,456,08252025,2025,,,Hyp,05,B,58,,,Dead,Dead,,,,,,,,,,,,,Y
,457,08252025,2025,,,Both,05,NA,NA,1486.2,4286.2,,Extra W60 tag found in meso,,,,,,,,,,,,,
,458,08252025,2025,,,Both,05,O,49,726.4,1811.5,,,,,,,,,,,,,,,
,459,08252025,2025,,,Both,05,O,54,368,903.8,,,,,,,,,,,,,,,
,460,08252025,2025,,,Both,05,G,51,716.6,1771.9,,,,,,,,,,,,,,,
,461,08252025,2025,,,Both,05,O,58,1288.2,2852.5,,,,,,,,,,,,,,,
,462,08252025,2025,,,Both,05,O,53,293.9,680.2,,,,,,,,,,,,,,,
,463,08252025,2025,,,Both,05,W,58,1544.7,3334.1,,,,,,,,,,,,,,,
,464,08252025,2025,,,Both,05,O,50,726.2,1682.6,,,,,,,,,,,,,,,
,465,08252025,2025,,,Both,05,G,49,659.9,1570.8,,,,,,,,,,,,,,,
,466,08252025,2025,,,Both,05,W,57,415.5,989.7,,,,,,,,,,,,,,,
,467,08252025,2025,,,Both,05,O,55,360.9,914.8,,,,,,,,,,,,,,,
,468,08252025,2025,,,Both,05,W,53,241.8,575.5,,,,,,,,,,,,,,,
,469,08252025,2025,,,Both,05,B,57,929.7,2146.8,,,,,,,,,,,,,,,
,470,08252025,2025,,,Both,05,G,59,482.4,1152.9,,,,,,,,,,,,,,,
,471,08252025,2025,,,Both,05,G,58,622.9,1482.4,,,,,,,,,,,,,,,
,472,08252025,2025,,,Both,05,G,50,1123.3,2820,,,,,,,,,,,,,,,
,473,08252025,2025,,,Both,05,W,51,982.5,2206,,,,,,,,,,,,,,,
,474,08252025,2025,,,Both,05,B,59,336.2,1194.1,,,,,,,,,,,,,,,
,475,08252025,2025,,,Both,05,B,60,216.9,576.9,,,,,,,,,,,,,,,
,476,08252025,2025,,,Both,05,B,53,996.8,2287.1,,Pulled cleanly off mesh but was still stuck to it,,,,,,,,,,,,,
,477,08252025,2025,,,Both,05,B,54,442.4,1107.3,,,,,,,,,,,,,,,
,478,08252025,2025,,,Both,05,NA,NA,,,Dead,"Dead,extra W60 tag found in small dead oyster on the inside",,,,,,,,,,,,,Y
,479,08252025,2025,,,Both,05,B,50,,,Dead,Dead,,,,,,,,,,,,,Y
,480,08252025,2025,,,Both,05,W,59,,,Dead,Dead,,,,,,,,,,,,,Y
,481,08252025,2025,,,Cont,06,W,71,770.5,1795.8,,Double,,,,,,,,,,,,,
,482,08252025,2025,,,Cont,06,B,72,934.5,2279.2,,,,,,,,,,,,,,,
,483,08252025,2025,,,Cont,06,G,66,1213.3,2860.5,,,,,,,,,,,,,,,
,484,08252025,2025,,,Cont,06,W,62,962.7,2365,,,,,,,,,,,,,,,
,485,08252025,2025,,,Cont,06,G,65,1553.5,3915.7,,,,,,,,,,,,,,,
,486,08252025,2025,,,Cont,06,G,68,565.8,1373,Dead,"Dead, found while nutrient processing @ CBL",,,,,,,,,,,,,Y
,487,08252025,2025,,,Cont,06,W,64,749.8,1563.5,,,,,,,,,,,,,,,
,488,08252025,2025,,,Cont,06,B,67,1066.8,2429.8,,Double? I think there is 1.5,,,,,,,,,,,,,
,489,08252025,2025,,,Cont,06,O,69,720.2,1840.3,,,,,,,,,,,,,,,
,490,08252025,2025,,,Cont,06,W,61,759.4,1747.5,,,,,,,,,,,,,,,
,491,08252025,2025,,,Cont,06,B,69,572.3,1361.8,,,,,,,,,,,,,,,
,492,08252025,2025,,,Cont,06,B,71,396,976,,,,,,,,,,,,,,,
,493,08252025,2025,,,Cont,06,B,65,1076.6,2578.3,,,,,,,,,,,,,,,
,494,08252025,2025,,,Cont,06,W,66,793.1,1789.5,,,,,,,,,,,,,,,
,495,08252025,2025,,,Cont,06,B,70,677.6,1703.9,,,,,,,,,,,,,,,
,496,08252025,2025,,,Cont,06,G,70,618,1347.3,,,,,,,,,,,,,,,
,497,08252025,2025,,,Cont,06,O,62,1107.9,2519.6,,,,,,,,,,,,,,,
,498,08252025,2025,,,Cont,06,W,65,803.3,2090.4,,,,,,,,,,,,,,,
,499,08252025,2025,,,Cont,06,G,64,1990,4553.7,,,,,,,,,,,,,,,
,500,08252025,2025,,,Cont,06,O,64,297.6,708.3,,,,,,,,,,,,,,,
,501,08252025,2025,,,Cont,06,O,68,756.6,2005.4,,,,,,,,,,,,,,,
,502,08252025,2025,,,Cont,06,O,61,1658.8,3751.4,,Had to pull off of meso mesh,,,,,,,,,,,,,
,503,08252025,2025,,,Cont,06,O,70,882.9,2200.3,,"Had to pull off of meso mesh, stuck to mesh",,,,,,,,,,,,,
,504,08252025,2025,,,Warm,06,B,62,2536.2,7014,,,,,,,,,,,,,,,
,505,08252025,2025,,,Warm,06,G,68,606.9,1449.6,,,,,,,,,,,,,,,
,506,08252025,2025,,,Warm,06,B,63,1204.1,3624,,,,,,,,,,,,,,,
,507,08252025,2025,,,Warm,06,W,68,1377.1,3098.6,,,,,,,,,,,,,,,
,508,08252025,2025,,,Warm,06,B,64,855.7,2115.9,,,,,,,,,,,,,,,
,509,08252025,2025,,,Warm,06,W,69,881.3,1980.5,,,,,,,,,,,,,,,
,510,08252025,2025,,,Warm,06,O,62,818.5,1891.8,,,,,,,,,,,,,,,
,511,08252025,2025,,,Warm,06,G,71,635.5,1368.8,,,,,,,,,,,,,,,
,512,08252025,2025,,,Warm,06,O,65,1062.7,2545.7,,,,,,,,,,,,,,,
,513,08252025,2025,,,Warm,06,W,65,911.3,1973.1,,,,,,,,,,,,,,,
,514,08252025,2025,,,Warm,06,O,63,957.1,2168.4,,,,,,,,,,,,,,,
,515,08252025,2025,,,Warm,06,G,66,1413.7,3407,,,,,,,,,,,,,,,
,516,08252025,2025,,,Warm,06,B,67,499.5,1086.2,,,,,,,,,,,,,,,
,517,08252025,2025,,,Warm,06,O,64,410.4,1012.7,,,,,,,,,,,,,,,
,518,08252025,2025,,,Warm,06,O,61,839.9,1862.3,,,,,,,,,,,,,,,
,519,08252025,2025,,,Warm,06,W,70,757.8,1725.7,,,,,,,,,,,,,,,
,520,08252025,2025,,,Warm,06,B,68,883.1,1997.4,,,,,,,,,,,,,,,
,521,08252025,2025,,,Warm,06,O,71,394.7,909.6,,,,,,,,,,,,,,,
,522,08252025,2025,,,Warm,06,W,64,357.3,795.5,,,,,,,,,,,,,,,
,523,08252025,2025,,,Warm,06,B,70,650.4,1422.5,,,,,,,,,,,,,,,
,524,08252025,2025,,,Warm,06,W,66,421.2,995.2,,,,,,,,,,,,,,,
,525,08252025,2025,,,Warm,06,G,65,1184,3100,,Small piece of shell broke off after buoyant weight,,,,,,,,,,,,,
,526,08252025,2025,,,Warm,06,G,67,763.4,1874,,,,,,,,,,,,,,,
,527,08252025,2025,,,Warm,06,NA,NA,,,Dead,Half of an untagged dead shell (G70?),,,,,,,,,,,,,Y
,528,08252025,2025,,,Hyp,06,G,68,717.2,1875.1,,,,,,,,,,,,,,,
,529,08252025,2025,,,Hyp,06,B,64,988.1,2505.2,,,,,,,,,,,,,,,
,530,08252025,2025,,,Hyp,06,W,71,880.1,2159.3,,,,,,,,,,,,,,,
,531,08252025,2025,,,Hyp,06,W,70,715.8,1693.4,,,,,,,,,,,,,,,
,532,08252025,2025,,,Hyp,06,O,68,1187.8,2719.3,,,,,,,,,,,,,,,
,533,08252025,2025,,,Hyp,06,W,72,432.2,981.6,,,,,,,,,,,,,,,
,534,08252025,2025,,,Hyp,06,G,63,451.1,996.8,,,,,,,,,,,,,,,
,535,08252025,2025,,,Hyp,06,B,62,981.1,2299.4,,Shell broke,,,,,,,,,,,,,
,536,08252025,2025,,,Hyp,06,W,66,544.6,1208.8,,,,,,,,,,,,,,,
,537,08252025,2025,,,Hyp,06,B,72,294.7,735.2,,,,,,,,,,,,,,,
,538,08252025,2025,,,Hyp,06,G,61,571,1303.1,,,,,,,,,,,,,,,
,539,08252025,2025,,,Hyp,06,G,67,311.7,736.5,,,,,,,,,,,,,,,
,540,08252025,2025,,,Hyp,06,O,64,225.5,580.3,,,,,,,,,,,,,,,
,541,08252025,2025,,,Hyp,06,G,70,700.8,1735.5,,Looks like it had a small double that died- 2 shells of dead one attached,,,,,,,,,,,,,
,542,08252025,2025,,,Hyp,06,O,63,707.4,1611.8,,,,,,,,,,,,,,,
,543,08252025,2025,,,Hyp,06,B,71,222,537.1,,"Feels very light, might be dead",,,,,,,,,,,,,
,544,08252025,2025,,,Hyp,06,B,61,,,Dead,Dead,,,,,,,,,,,,,Y
,545,08252025,2025,,,Hyp,06,NA,NA,350.9,798.5,,Untagged,,,,,,,,,,,,,
,546,08252025,2025,,,Hyp,06,O,65,580.6,1322.3,,,,,,,,,,,,,,,
,547,08252025,2025,,,Hyp,06,W,69,1108.5,2586.1,,,,,,,,,,,,,,,
,548,08252025,2025,,,Hyp,06,O,69,,,Dead,Dead,,,,,,,,,,,,,Y
,549,08252025,2025,,,Hyp,06,O,70,,,Dead,Dead,,,,,,,,,,,,,Y
,550,08252025,2025,,,Both,06,O,66,647.8,1532.4,,,,,,,,,,,,,,,
,551,08252025,2025,,,Both,06,G,72,722.1,1732,,Pretty dirty on back,,,,,,,,,,,,,
,552,08252025,2025,,,Both,06,G,70,542.6,1367.7,,,,,,,,,,,,,,,
,553,08252025,2025,,,Both,06,B,66,411.2,1041.6,,,,,,,,,,,,,,,
,554,08252025,2025,,,Both,06,B,69,328.6,779.6,,,,,,,,,,,,,,,
,555,08252025,2025,,,Both,06,O,72,1212.9,2983.1,,,,,,,,,,,,,,,
,556,08252025,2025,,,Both,06,B,65,1290.2,3450.5,,,,,,,,,,,,,,,
,557,08252025,2025,,,Both,06,W,68,655.7,1504.2,,"Bee tag very fouled, came off but weighed with it",,,,,,,,,,,,,
,558,08252025,2025,,,Both,06,B,63,89.2,397.6,,,,,,,,,,,,,,,
,559,08252025,2025,,,Both,06,B,67,1056,2523.1,,,,,,,,,,,,,,,
,560,08252025,2025,,,Both,06,W,70,651.6,1577.9,,,,,,,,,,,,,,,
,561,08252025,2025,,,Both,06,O,61,346.2,799.6,,,,,,,,,,,,,,,
,562,08252025,2025,,,Both,06,G,68,356.4,882.2,,,,,,,,,,,,,,,
,563,08252025,2025,,,Both,06,O,63,505.8,1162.6,,,,,,,,,,,,,,,
,564,08252025,2025,,,Both,06,W,64,496.1,1151.6,,,,,,,,,,,,,,,
,565,08252025,2025,,,Both,06,W,67,146.5,373.5,,,,,,,,,,,,,,,
,566,08252025,2025,,,Both,06,G,71,601.3,1380.1,,,,,,,,,,,,,,,
,567,08252025,2025,,,Both,06,G,66,328.3,796.9,,,,,,,,,,,,,,,
,568,08252025,2025,,,Both,06,NA,NA,574,1271.3,,Untagged,,,,,,,,,,,,,
,569,08252025,2025,,,Both,06,W,63,409.3,986.2,,,,,,,,,,,,,,,
,570,08252025,2025,,,Both,06,G,69,522.5,1204.4,,,,,,,,,,,,,,,
,571,08252025,2025,,,Both,06,B,68,1264.1,3178.1,,,,,,,,,,,,,,,
,572,08252025,2025,,,Both,06,O,64,,,Dead,Dead,,,,,,,,,,,,,Y