Sample_Name,Order_year2,Date_MMDDYYYY_year2,Year,Phase_1_treat,Phase_1_rep,Phase_2_treat,Phase_2_rep,Tag_color,Tag_num,Submerged_weight_year2,Dry_weight_year2,double_single_dead_year2,Notes_year2,Actual_shell_year2_mg,Actual_shell_growth_year2_mg,Actual_tissue_year2_mg,Actual_tissue_growth_year2_mg,Ratio_tissue_shell_year2_mg,Phase_1_temp,Phase_1_DO,Phase_2.1_temp,Phase_2.1_DO,Phase1_Phase2_treat,Phase_1_rep_R,Phase_2_rep_R,Exclude_year2
2024_Hyp06_Cont01_B11,1,08272025,2025,Hyp,06,Cont,01,B,11,NA,NA,Dead,Dead,NA,NA,NA,NA,NA,NA,NA,NA,NA,NA,NA,NA,Y
2024_Warm06_Cont01_G11,2,08272025,2025,Warm,06,Cont,01,G,11,1333.8,2933,NA,NA,2109.61062,NA,823.38938,NA,NA,NA,NA,NA,NA,NA,NA,NA,NA
2024_Hyp06_Cont01_B12,3,08272025,2025,Hyp,06,Cont,01,B,12,1002.3,2272.8,NA,NA,1584.71352,NA,688.08648,NA,NA,NA,NA,NA,NA,NA,NA,NA,NA
2024_Both03_Cont01_O6,4,08272025,2025,Both,03,Cont,01,O,6,NA,NA,Dead,Dead,NA,NA,NA,NA,NA,NA,NA,NA,NA,NA,NA,NA,Y
2024_Both01_Cont01_O2,5,08272025,2025,Both,01,Cont,01,O,2,NA,NA,Dead,Dead,NA,NA,NA,NA,NA,NA,NA,NA,NA,NA,NA,NA,Y
2024_NANA_Cont01_NANA,6,08272025,2025,NA,NA,Cont,01,NA,NA,NA,NA,Dead,Dead,NA,NA,NA,NA,NA,NA,NA,NA,NA,NA,NA,NA,Y
2024_Cont03_Cont01_W6,7,08272025,2025,Cont,03,Cont,01,W,6,NA,NA,Dead,Dead,NA,NA,NA,NA,NA,NA,NA,NA,NA,NA,NA,NA,Y
2024_Cont04_Cont01_W8,8,08272025,2025,Cont,04,Cont,01,W,8,NA,NA,Dead,Dead,NA,NA,NA,NA,NA,NA,NA,NA,NA,NA,NA,NA,Y
2024_Both06_Cont01_O12,9,08272025,2025,Both,06,Cont,01,O,12,NA,NA,Dead,Dead,NA,NA,NA,NA,NA,NA,NA,NA,NA,NA,NA,NA,Y
2024_Cont06_Cont01_W12,10,08272025,2025,Cont,06,Cont,01,W,12,NA,NA,Dead,Dead,NA,NA,NA,NA,NA,NA,NA,NA,NA,NA,NA,NA,Y
2024_Warm05_Cont01_G10,11,08272025,2025,Warm,05,Cont,01,G,10,NA,NA,Dead,Dead,NA,NA,NA,NA,NA,NA,NA,NA,NA,NA,NA,NA,Y
2024_Hyp01_Cont01_B1,12,08272025,2025,Hyp,01,Cont,01,B,1,NA,NA,Dead,Dead,NA,NA,NA,NA,NA,NA,NA,NA,NA,NA,NA,NA,Y
2024_Warm03_Cont01_G5,13,08272025,2025,Warm,03,Cont,01,G,5,NA,NA,Dead,Dead,NA,NA,NA,NA,NA,NA,NA,NA,NA,NA,NA,NA,Y
2024_Cont03_Cont01_W5,14,08272025,2025,Cont,03,Cont,01,W,5,NA,NA,Dead,Dead,NA,NA,NA,NA,NA,NA,NA,NA,NA,NA,NA,NA,Y
2024_Warm02_Cont01_G3,15,08272025,2025,Warm,02,Cont,01,G,3,NA,NA,Dead,Dead,NA,NA,NA,NA,NA,NA,NA,NA,NA,NA,NA,NA,Y
2024_Cont04_Cont01_W7,16,08272025,2025,Cont,04,Cont,01,W,7,NA,NA,Dead,Dead,NA,NA,NA,NA,NA,NA,NA,NA,NA,NA,NA,NA,Y
2024_Both06_Cont01_O11,17,08272025,2025,Both,06,Cont,01,O,11,NA,NA,Dead,Dead,NA,NA,NA,NA,NA,NA,NA,NA,NA,NA,NA,NA,Y
2024_Cont06_Cont01_W11,18,08272025,2025,Cont,06,Cont,01,W,11,NA,NA,Dead,Dead,NA,NA,NA,NA,NA,NA,NA,NA,NA,NA,NA,NA,Y
2024_Warm02_Cont01_G4,19,08272025,2025,Warm,02,Cont,01,G,4,NA,NA,Dead,Dead,NA,NA,NA,NA,NA,NA,NA,NA,NA,NA,NA,NA,Y
2024_NANA_Cont01_NANA,20,08272025,2025,NA,NA,Cont,01,NA,NA,NA,NA,Dead,Dead,NA,NA,NA,NA,NA,NA,NA,NA,NA,NA,NA,NA,Y
2024_Hyp05_Cont01_B10,21,08272025,2025,Hyp,05,Cont,01,B,10,NA,NA,Dead,Dead,NA,NA,NA,NA,NA,NA,NA,NA,NA,NA,NA,NA,Y
2024_Both02_Cont01_O4,22,08272025,2025,Both,02,Cont,01,O,4,NA,NA,Dead,Dead,NA,NA,NA,NA,NA,NA,NA,NA,NA,NA,NA,NA,Y
2024_Hyp05_Cont01_B9,23,08272025,2025,Hyp,05,Cont,01,B,9,NA,NA,Dead,Dead,NA,NA,NA,NA,NA,NA,NA,NA,NA,NA,NA,NA,Y
2024_Both02_Cont01_O3,24,08272025,2025,Both,02,Cont,01,O,3,NA,NA,Dead,Dead,NA,NA,NA,NA,NA,NA,NA,NA,NA,NA,NA,NA,Y
2024_Both04_Warm01_O7,25,08272025,2025,Both,04,Warm,01,O,7,1064.2,2567.1,NA,NA,1682.72598,NA,884.37402,NA,NA,NA,NA,NA,NA,NA,NA,NA,NA
2024_Warm06_Warm01_G11,26,08272025,2025,Warm,06,Warm,01,G,11,1709.9,3890.1,NA,Piece of shell came off,2705.12736,NA,1184.97264,NA,NA,NA,NA,NA,NA,NA,NA,NA,NA
2024_Both05_Warm01_O10,27,08272025,2025,Both,05,Warm,01,O,10,326.1,757.7,NA,NA,514.01844,NA,243.68156,NA,NA,NA,NA,NA,NA,NA,NA,NA,NA
2024_Hyp05_Warm01_B9,28,08272025,2025,Hyp,05,Warm,01,B,9,1501.3,4220,NA,pulled off sea squirt,2374.83012,NA,1845.16988,NA,NA,NA,NA,NA,NA,NA,NA,NA,NA
2024_Warm04_Warm01_G8,29,08272025,2025,Warm,04,Warm,01,G,8,773.2,2026.6,NA,NA,1221.95658,NA,804.64342,NA,NA,NA,NA,NA,NA,NA,NA,NA,NA
2024_Warm03_Warm01_G5,30,08272025,2025,Warm,03,Warm,01,G,5,972.9,2413.7,NA,NA,1538.16156,NA,875.53844,NA,NA,NA,NA,NA,NA,NA,NA,NA,NA
2024_Hyp02_Warm01_B3,31,08272025,2025,Hyp,02,Warm,01,B,3,617.4,1436.3,NA,NA,975.26286,NA,461.03714,NA,NA,NA,NA,NA,NA,NA,NA,NA,NA
2024_NANA_Warm01_NANA,32,08272025,2025,NA,NA,Warm,01,NA,NA,1478.9,3629.4,NA,"tube worm on it, found W2 tag in meso",2339.36196,NA,1290.03804,NA,NA,NA,NA,NA,NA,NA,NA,NA,NA
2024_Cont06_Warm01_W11,33,08272025,2025,Cont,06,Warm,01,W,11,2977.7,7436,NA,NA,4712.56188,NA,2723.43812,NA,NA,NA,NA,NA,NA,NA,NA,NA,NA
2024_Warm05_Warm01_G10,34,08272025,2025,Warm,05,Warm,01,G,10,352.7,826.9,NA,NA,556.13688,NA,270.76312,NA,NA,NA,NA,NA,NA,NA,NA,NA,NA
2024_Hyp03_Warm01_B5,35,08272025,2025,Hyp,03,Warm,01,B,5,1491,3784,NA,NA,2358.5211,NA,1425.4789,NA,NA,NA,NA,NA,NA,NA,NA,NA,NA
2024_Both06_Warm01_O11,36,08272025,2025,Both,06,Warm,01,O,11,840.3,2089.4,NA,NA,1328.20272,NA,761.19728,NA,NA,NA,NA,NA,NA,NA,NA,NA,NA
2024_Cont02_Warm01_W4,37,08272025,2025,Cont,02,Warm,01,W,4,702.2,1692.6,NA,NA,1109.53518,NA,583.06482,NA,NA,NA,NA,NA,NA,NA,NA,NA,NA
2024_Warm06_Warm01_G12,38,08272025,2025,Warm,06,Warm,01,G,12,1570.8,4269.4,NA,NA,2484.87642,NA,1784.52358,NA,NA,NA,NA,NA,NA,NA,NA,NA,NA
2024_Warm03_Warm01_G6,39,08272025,2025,Warm,03,Warm,01,G,6,1100.5,2691.6,NA,NA,1740.2034,NA,951.3966,NA,NA,NA,NA,NA,NA,NA,NA,NA,NA
2024_Hyp06_Warm01_B11,40,08272025,2025,Hyp,06,Warm,01,B,11,1247.9,3259,NA,NA,1973.59656,NA,1285.40344,NA,NA,NA,NA,NA,NA,NA,NA,NA,NA
2024_Hyp06_Warm01_B12,41,08272025,2025,Hyp,06,Warm,01,B,12,617.2,1375.2,NA,NA,974.94618,NA,400.25382,NA,NA,NA,NA,NA,NA,NA,NA,NA,NA
2024_Both05_Warm01_O9,42,08272025,2025,Both,05,Warm,01,O,9,570.4,1352.2,NA,NA,900.84306,NA,451.35694,NA,NA,NA,NA,NA,NA,NA,NA,NA,NA
2024_Both06_Warm01_O12,43,08272025,2025,Both,06,Warm,01,O,12,537.4,1504.7,NA,NA,848.59086,NA,656.10914,NA,NA,NA,NA,NA,NA,NA,NA,NA,NA
2024_Cont03_Warm01_W5,44,08272025,2025,Cont,03,Warm,01,W,5,1233.2,3025.9,NA,NA,1950.32058,NA,1075.57942,NA,NA,NA,NA,NA,NA,NA,NA,NA,NA
2024_Hyp02_Warm01_B4,45,08272025,2025,Hyp,02,Warm,01,B,4,763.3,1881.5,NA,NA,1206.28092,NA,675.21908,NA,NA,NA,NA,NA,NA,NA,NA,NA,NA
2024_NANA_Warm01_NANA,46,08272025,2025,NA,NA,Warm,01,NA,NA,467.4,1068.2,NA,"grrown into mesh, found W2 tag in meso",737.75286,NA,330.44714,NA,NA,NA,NA,NA,NA,NA,NA,NA,NA
2024_NANA_Warm01_NANA,47,08272025,2025,NA,NA,Warm,01,NA,NA,1222.1,2952,NA,found W2 tag in meso,1932.74484,NA,1019.25516,NA,NA,NA,NA,NA,NA,NA,NA,NA,NA
2024_Both01_Warm01_O1,48,08272025,2025,Both,01,Warm,01,O,1,NA,NA,Dead,Dead,NA,NA,NA,NA,NA,NA,NA,NA,NA,NA,NA,NA,Y
2024_Cont06_Warm01_W12,49,08272025,2025,Cont,06,Warm,01,W,12,NA,NA,Dead,Dead,NA,NA,NA,NA,NA,NA,NA,NA,NA,NA,NA,NA,Y
2024_Hyp03_Hyp01_B5,50,08272025,2025,Hyp,03,Hyp,01,B,5,708.7,1634.6,NA,NA,1119.82728,NA,514.77272,NA,NA,NA,NA,NA,NA,NA,NA,NA,NA
2024_Warm01_Hyp01_G1,51,08272025,2025,Warm,01,Hyp,01,G,1,1425.8,3427.3,NA,NA,2255.28342,NA,1172.01658,NA,NA,NA,NA,NA,NA,NA,NA,NA,NA
2024_Both03_Hyp01_O6,52,08272025,2025,Both,03,Hyp,01,O,6,1120.5,2673.5,NA,NA,1771.8714,NA,901.6286,NA,NA,NA,NA,NA,NA,NA,NA,NA,NA
2024_Warm03_Hyp01_G6,53,08272025,2025,Warm,03,Hyp,01,G,6,NA,NA,Dead,Dead,NA,NA,NA,NA,NA,NA,NA,NA,NA,NA,NA,NA,Y
2024_Warm01_Hyp01_G2,54,08272025,2025,Warm,01,Hyp,01,G,2,NA,NA,Dead,Dead,NA,NA,NA,NA,NA,NA,NA,NA,NA,NA,NA,NA,Y
2024_Both06_Hyp01_O12,55,08272025,2025,Both,06,Hyp,01,O,12,446,1026.6,NA,NA,703.8681,NA,322.7319,NA,NA,NA,NA,NA,NA,NA,NA,NA,NA
2024_Cont04_Hyp01_W8,56,08272025,2025,Cont,04,Hyp,01,W,8,1055,2409.8,NA,NA,1668.1587,NA,741.6413,NA,NA,NA,NA,NA,NA,NA,NA,NA,NA
2024_Both03_Hyp01_O5,57,08272025,2025,Both,03,Hyp,01,O,5,950.4,2535.3,NA,NA,1502.53506,NA,1032.76494,NA,NA,NA,NA,NA,NA,NA,NA,NA,NA
2024_Both05_Hyp01_O9,58,08272025,2025,Both,05,Hyp,01,O,9,692.6,1606.5,NA,NA,1094.33454,NA,512.16546,NA,NA,NA,NA,NA,NA,NA,NA,NA,NA
2024_Cont05_Hyp01_W10,59,08272025,2025,Cont,05,Hyp,01,W,10,487.5,1328.6,NA,NA,769.5792,NA,559.0208,NA,NA,NA,NA,NA,NA,NA,NA,NA,NA
2024_Warm03_Hyp01_G5,60,08272025,2025,Warm,03,Hyp,01,G,5,333.2,819.2,NA,NA,525.26058,NA,293.93942,NA,NA,NA,NA,NA,NA,NA,NA,NA,NA
2024_Hyp04_Hyp01_B8,61,08272025,2025,Hyp,04,Hyp,01,B,8,273.8,687.6,NA,NA,431.20662,NA,256.39338,NA,NA,NA,NA,NA,NA,NA,NA,NA,NA
2024_Cont06_Hyp01_W11,62,08272025,2025,Cont,06,Hyp,01,W,11,NA,NA,Dead,Dead,NA,NA,NA,NA,NA,NA,NA,NA,NA,NA,NA,NA,Y
2024_Warm06_Hyp01_G12,63,08272025,2025,Warm,06,Hyp,01,G,12,806,1900.9,NA,NA,1273.8921,NA,627.0079,NA,NA,NA,NA,NA,NA,NA,NA,NA,NA
2024_NANA_Hyp01_NANA,64,08272025,2025,NA,NA,Hyp,01,NA,NA,NA,NA,Dead,"Dead, untagged",NA,NA,NA,NA,NA,NA,NA,NA,NA,NA,NA,NA,Y
2024_Warm02_Hyp01_G3,65,08272025,2025,Warm,02,Hyp,01,G,3,743.7,1811,NA,NA,1175.24628,NA,635.75372,NA,NA,NA,NA,NA,NA,NA,NA,NA,NA
2024_Cont05_Hyp01_W9,66,08272025,2025,Cont,05,Hyp,01,W,9,670.8,1545.9,NA,NA,1059.81642,NA,486.08358,NA,NA,NA,NA,NA,NA,NA,NA,NA,NA
2024_Hyp05_Hyp01_B10,67,08272025,2025,Hyp,05,Hyp,01,B,10,NA,NA,Dead,Dead,NA,NA,NA,NA,NA,NA,NA,NA,NA,NA,NA,NA,Y
2024_Hyp03_Hyp01_B6,68,08272025,2025,Hyp,03,Hyp,01,B,6,NA,NA,Dead,Dead,NA,NA,NA,NA,NA,NA,NA,NA,NA,NA,NA,NA,Y
2024_Cont06_Hyp01_W12,69,08272025,2025,Cont,06,Hyp,01,W,12,NA,NA,Dead,Dead,NA,NA,NA,NA,NA,NA,NA,NA,NA,NA,NA,NA,Y
2024_Hyp04_Hyp01_B7,70,08272025,2025,Hyp,04,Hyp,01,B,7,NA,NA,Dead,Dead,NA,NA,NA,NA,NA,NA,NA,NA,NA,NA,NA,NA,Y
2024_Both06_Hyp01_O11,71,08272025,2025,Both,06,Hyp,01,O,11,NA,NA,Dead,Dead,NA,NA,NA,NA,NA,NA,NA,NA,NA,NA,NA,NA,Y
2024_Cont01_Hyp01_W2,72,08272025,2025,Cont,01,Hyp,01,W,2,NA,NA,Dead,Dead,NA,NA,NA,NA,NA,NA,NA,NA,NA,NA,NA,NA,Y
2024_Both02_Hyp01_O4,73,08272025,2025,Both,02,Hyp,01,O,4,NA,NA,Dead,Dead,NA,NA,NA,NA,NA,NA,NA,NA,NA,NA,NA,NA,Y
2024_Warm04_Both01_G8,74,08272025,2025,Warm,04,Both,01,G,8,788.5,1760.6,NA,Might be double,1246.1826,NA,514.4174,NA,NA,NA,NA,NA,NA,NA,NA,NA,NA
2024_Hyp02_Both01_B4,75,08272025,2025,Hyp,02,Both,01,B,4,591.6,1435.1,NA,NA,934.41114,NA,500.68886,NA,NA,NA,NA,NA,NA,NA,NA,NA,NA
2024_Warm06_Both01_G12,76,08272025,2025,Warm,06,Both,01,G,12,409.8,1049.8,NA,NA,646.54902,NA,403.25098,NA,NA,NA,NA,NA,NA,NA,NA,NA,NA
2024_Warm05_Both01_G9,77,08272025,2025,Warm,05,Both,01,G,9,726.4,1609.3,NA,NA,1147.85346,NA,461.44654,NA,NA,NA,NA,NA,NA,NA,NA,NA,NA
2024_Hyp01_Both01_B1,78,08272025,2025,Hyp,01,Both,01,B,1,465.8,1061,NA,NA,735.21942,NA,325.78058,NA,NA,NA,NA,NA,NA,NA,NA,NA,NA
2024_Both04_Both01_O7,79,08272025,2025,Both,04,Both,01,O,7,459,1057.2,NA,NA,724.4523,NA,332.7477,NA,NA,NA,NA,NA,NA,NA,NA,NA,NA
2024_Both06_Both01_O12,80,08272025,2025,Both,06,Both,01,O,12,218.7,608.1,NA,NA,343.96128,NA,264.13872,NA,NA,NA,NA,NA,NA,NA,NA,NA,NA
2024_Hyp06_Both01_B11,81,08272025,2025,Hyp,06,Both,01,B,11,322.3,742.6,NA,NA,508.00152,NA,234.59848,NA,NA,NA,NA,NA,NA,NA,NA,NA,NA
2024_Hyp03_Both01_B5,82,08272025,2025,Hyp,03,Both,01,B,5,1206.6,2995.8,NA,Pulled off mesh,1908.20214,NA,1087.59786,NA,NA,NA,NA,NA,NA,NA,NA,NA,NA
2024_Hyp06_Both01_B12,83,08272025,2025,Hyp,06,Both,01,B,12,771.3,2062.9,NA,NA,1218.94812,NA,843.95188,NA,NA,NA,NA,NA,NA,NA,NA,NA,NA
2024_Cont06_Both01_W11,84,08272025,2025,Cont,06,Both,01,W,11,791.8,2166.8,NA,NA,1251.40782,NA,915.39218,NA,NA,NA,NA,NA,NA,NA,NA,NA,NA
2024_Both03_Both01_O6,85,08272025,2025,Both,03,Both,01,O,6,1141.8,2693.7,NA,NA,1805.59782,NA,888.10218,NA,NA,NA,NA,NA,NA,NA,NA,NA,NA
2024_Warm06_Both01_G11,86,08272025,2025,Warm,06,Both,01,G,11,752.7,1551.3,NA,"Double, one died, donâ€™t include in analysis",1189.49688,NA,361.80312,NA,NA,NA,NA,NA,NA,NA,NA,NA,NA
2024_Cont02_Both01_W4,87,08272025,2025,Cont,02,Both,01,W,4,428,989.7,NA,NA,675.3669,NA,314.3331,NA,NA,NA,NA,NA,NA,NA,NA,NA,NA
2024_Cont05_Both01_W10,88,08272025,2025,Cont,05,Both,01,W,10,230.1,580.8,NA,NA,362.01204,NA,218.78796,NA,NA,NA,NA,NA,NA,NA,NA,NA,NA
2024_Hyp01_Both01_B2,89,08272025,2025,Hyp,01,Both,01,B,2,417.2,1050,NA,NA,658.26618,NA,391.73382,NA,NA,NA,NA,NA,NA,NA,NA,NA,NA
2024_Both05_Both01_O9,90,08272025,2025,Both,05,Both,01,O,9,1021.9,2539.6,NA,NA,1615.74816,NA,923.85184,NA,NA,NA,NA,NA,NA,NA,NA,NA,NA
2024_Cont03_Both01_W5,91,08272025,2025,Cont,03,Both,01,W,5,1196.7,2865.1,NA,NA,1892.52648,NA,972.57352,NA,NA,NA,NA,NA,NA,NA,NA,NA,NA
2024_Warm01_Both01_G2,92,08272025,2025,Warm,01,Both,01,G,2,496.7,1147,NA,NA,784.14648,NA,362.85352,NA,NA,NA,NA,NA,NA,NA,NA,NA,NA
2024_Both06_Both01_O11,93,08272025,2025,Both,06,Both,01,O,11,1053.1,2511.6,NA,NA,1665.15024,NA,846.44976,NA,NA,NA,NA,NA,NA,NA,NA,NA,NA
2024_Both05_Both01_O10,94,08272025,2025,Both,05,Both,01,O,10,337.1,791.1,NA,NA,531.43584,NA,259.66416,NA,NA,NA,NA,NA,NA,NA,NA,NA,NA
2024_NANA_Both01_NANA,95,08272025,2025,NA,NA,Both,01,NA,NA,841.4,1902.6,NA,Untagged,1329.94446,NA,572.65554,NA,NA,NA,NA,NA,NA,NA,NA,NA,NA
2024_Cont03_Both01_W6,96,08272025,2025,Cont,03,Both,01,W,6,919.2,2268.8,NA,NA,1453.13298,NA,815.66702,NA,NA,NA,NA,NA,NA,NA,NA,NA,NA
2024_Cont05_Both01_W9,97,08272025,2025,Cont,05,Both,01,W,9,707.3,1735.1,NA,NA,1117.61052,NA,617.48948,NA,NA,NA,NA,NA,NA,NA,NA,NA,NA
2024_NANA_Both01_NANA,98,08272025,2025,NA,NA,Both,01,NA,NA,128.5,307.2,NA,Untagged,201.1386,NA,106.0614,NA,NA,NA,NA,NA,NA,NA,NA,NA,NA
2024_Both03_Cont02_O17,99,08272025,2025,Both,03,Cont,02,O,17,1328.6,2977.9,NA,NA,2101.37694,NA,876.52306,NA,NA,NA,NA,NA,NA,NA,NA,NA,NA
2024_Hyp03_Cont02_B17,100,08272025,2025,Hyp,03,Cont,02,B,17,870.6,2443.8,Dead,"Dead, found while nutrient processing out CBL",1376.17974,NA,1067.62026,NA,NA,NA,NA,NA,NA,NA,NA,NA,Y
2024_Hyp04_Cont02_B19,101,08272025,2025,Hyp,04,Cont,02,B,19,822.6,2016.9,NA,NA,1300.17654,NA,716.72346,NA,NA,NA,NA,NA,NA,NA,NA,NA,NA
2024_Warm06_Cont02_G23,102,08272025,2025,Warm,06,Cont,02,G,23,1581.8,3822.3,NA,NA,2502.29382,NA,1320.00618,NA,NA,NA,NA,NA,NA,NA,NA,NA,NA
2024_NANA_Cont02_NANA,103,08272025,2025,NA,NA,Cont,02,NA,NA,748,1870.5,NA,"Untagged, loose W18 tag in meso",1182.0549,NA,688.4451,NA,NA,NA,NA,NA,NA,NA,NA,NA,NA
2024_Warm01_Cont02_G13,104,08272025,2025,Warm,01,Cont,02,G,13,1255.2,3819.4,NA,NA,1985.15538,NA,1834.24462,NA,NA,NA,NA,NA,NA,NA,NA,NA,NA
2024_Warm06_Cont02_G24,105,08272025,2025,Warm,06,Cont,02,G,24,1408.5,3346.6,NA,NA,2227.8906,NA,1118.7094,NA,NA,NA,NA,NA,NA,NA,NA,NA,NA
2024_Both05_Cont02_O22,106,08272025,2025,Both,05,Cont,02,O,22,883.4,2178.8,NA,NA,1396.44726,NA,782.35274,NA,NA,NA,NA,NA,NA,NA,NA,NA,NA
2024_Cont06_Cont02_W23,107,08272025,2025,Cont,06,Cont,02,W,23,987.2,2422.2,NA,NA,1560.80418,NA,861.39582,NA,NA,NA,NA,NA,NA,NA,NA,NA,NA
2024_Warm04_Cont02_G19,108,08272025,2025,Warm,04,Cont,02,G,19,NA,NA,Dead,Dead,NA,NA,NA,NA,NA,NA,NA,NA,NA,NA,NA,NA,Y
2024_Both01_Cont02_O13,109,08272025,2025,Both,01,Cont,02,O,13,1309.1,3109.3,NA,NA,2070.50064,NA,1038.79936,NA,NA,NA,NA,NA,NA,NA,NA,NA,NA
2024_Both04_Cont02_O20,110,08272025,2025,Both,04,Cont,02,O,20,700.3,1642,NA,NA,1106.52672,NA,535.47328,NA,NA,NA,NA,NA,NA,NA,NA,NA,NA
2024_Cont06_Cont02_W24,111,08272025,2025,Cont,06,Cont,02,W,24,723.1,1810.1,NA,NA,1142.62824,NA,667.47176,NA,NA,NA,NA,NA,NA,NA,NA,NA,NA
2024_Warm03_Cont02_G17,112,08272025,2025,Warm,03,Cont,02,G,17,1795.6,4476.7,NA,NA,2840.82474,NA,1635.87526,NA,NA,NA,NA,NA,NA,NA,NA,NA,NA
2024_Warm01_Cont02_G14,113,08272025,2025,Warm,01,Cont,02,G,14,959.2,2245.6,NA,NA,1516.46898,NA,729.13102,NA,NA,NA,NA,NA,NA,NA,NA,NA,NA
2024_Hyp06_Cont02_B24,114,08272025,2025,Hyp,06,Cont,02,B,24,562.5,1312.2,NA,NA,888.3342,NA,423.8658,NA,NA,NA,NA,NA,NA,NA,NA,NA,NA
2024_Both01_Cont02_O14,115,08272025,2025,Both,01,Cont,02,O,14,3053.5,8044.3,NA,NA,4832.5836,NA,3211.7164,NA,NA,NA,NA,NA,NA,NA,NA,NA,NA
2024_Hyp02_Cont02_B16,116,08272025,2025,Hyp,02,Cont,02,B,16,1192,2812.8,NA,NA,1885.0845,NA,927.7155,NA,NA,NA,NA,NA,NA,NA,NA,NA,NA
2024_Cont05_Cont02_W22,117,08272025,2025,Cont,05,Cont,02,W,22,1280.9,2975.6,NA,NA,2025.84876,NA,949.75124,NA,NA,NA,NA,NA,NA,NA,NA,NA,NA
2024_Cont01_Cont02_W13,118,08272025,2025,Cont,01,Cont,02,W,13,1089,2815,NA,NA,1721.9943,NA,1093.0057,NA,NA,NA,NA,NA,NA,NA,NA,NA,NA
2024_Cont02_Cont02_W16,119,08272025,2025,Cont,02,Cont,02,W,16,845.3,2031.9,NA,Pulled off meso mesh,1336.11972,NA,695.78028,NA,NA,NA,NA,NA,NA,NA,NA,NA,NA
2024_Hyp02_Cont02_B15,120,08272025,2025,Hyp,02,Cont,02,B,15,1412.8,3325.3,NA,NA,2234.69922,NA,1090.60078,NA,NA,NA,NA,NA,NA,NA,NA,NA,NA
2024_Both03_Cont02_O18,121,08272025,2025,Both,03,Cont,02,O,18,2027.8,5374.4,NA,NA,3208.49022,NA,2165.90978,NA,NA,NA,NA,NA,NA,NA,NA,NA,NA
2024_Hyp04_Cont02_B20,122,08272025,2025,Hyp,04,Cont,02,B,20,1656.3,4286.2,NA,NA,2620.25712,NA,1665.94288,NA,NA,NA,NA,NA,NA,NA,NA,NA,NA
2024_Both05_Warm02_O21,123,08272025,2025,Both,05,Warm,02,O,21,455,1029.7,NA,NA,718.1187,NA,311.5813,NA,NA,NA,NA,NA,NA,NA,NA,NA,NA
2024_Cont03_Warm02_W18,124,08272025,2025,Cont,03,Warm,02,W,18,1742.5,4178.7,NA,NA,2756.7462,NA,1421.9538,NA,NA,NA,NA,NA,NA,NA,NA,NA,NA
2024_Warm04_Warm02_G20,125,08272025,2025,Warm,04,Warm,02,G,20,675.7,1667.1,NA,NA,1067.57508,NA,599.52492,NA,NA,NA,NA,NA,NA,NA,NA,NA,NA
2024_Cont04_Warm02_W19,126,08272025,2025,Cont,04,Warm,02,W,19,1382.2,3506.7,NA,NA,2186.24718,NA,1320.45282,NA,NA,NA,NA,NA,NA,NA,NA,NA,NA
2024_Cont01_Warm02_W14,127,08272025,2025,Cont,01,Warm,02,W,14,1318.3,3184.4,NA,NA,2085.06792,NA,1099.33208,NA,NA,NA,NA,NA,NA,NA,NA,NA,NA
2024_Both01_Warm02_O13,128,08272025,2025,Both,01,Warm,02,O,13,908.8,2166.2,NA,NA,1436.66562,NA,729.53438,NA,NA,NA,NA,NA,NA,NA,NA,NA,NA
2024_Warm03_Warm02_G17,129,08272025,2025,Warm,03,Warm,02,G,17,699.1,1949.6,NA,NA,1104.62664,NA,844.97336,NA,NA,NA,NA,NA,NA,NA,NA,NA,NA
2024_Warm04_Warm02_G19,130,08272025,2025,Warm,04,Warm,02,G,19,591.7,1351,NA,NA,934.56948,NA,416.43052,NA,NA,NA,NA,NA,NA,NA,NA,NA,NA
2024_Warm03_Warm02_G18,131,08272025,2025,Warm,03,Warm,02,G,18,NA,NA,Dead,Dead,NA,NA,NA,NA,NA,NA,NA,NA,NA,NA,NA,NA,Y
2024_Both02_Warm02_O16,132,08272025,2025,Both,02,Warm,02,O,16,587.8,1317.1,NA,NA,928.39422,NA,388.70578,NA,NA,NA,NA,NA,NA,NA,NA,NA,NA
2024_Cont06_Warm02_W23,133,08272025,2025,Cont,06,Warm,02,W,23,1854.5,4521,NA,NA,2934.087,NA,1586.913,NA,NA,NA,NA,NA,NA,NA,NA,NA,NA
2024_Cont01_Warm02_W13,134,08272025,2025,Cont,01,Warm,02,W,13,831.9,2130.2,NA,NA,1314.90216,NA,815.29784,NA,NA,NA,NA,NA,NA,NA,NA,NA,NA
2024_NANA_Warm02_NANA,135,08272025,2025,NA,NA,Warm,02,NA,NA,NA,NA,Dead,"Dead, untagged",NA,NA,NA,NA,NA,NA,NA,NA,NA,NA,NA,NA,Y
2024_Hyp05_Warm02_B21,136,08272025,2025,Hyp,05,Warm,02,B,21,491.9,1187.5,NA,NA,776.54616,NA,410.95384,NA,NA,NA,NA,NA,NA,NA,NA,NA,NA
2024_Hyp03_Warm02_B18,137,08272025,2025,Hyp,03,Warm,02,B,18,1034.5,2213.3,NA,NA,1635.699,NA,577.601,NA,NA,NA,NA,NA,NA,NA,NA,NA,NA
2024_Warm06_Warm02_G23,138,08272025,2025,Warm,06,Warm,02,G,23,1277.5,2714.1,NA,NA,2020.4652,NA,693.6348,NA,NA,NA,NA,NA,NA,NA,NA,NA,NA
2024_Cont04_Warm02_W20,139,08272025,2025,Cont,04,Warm,02,W,20,357.7,861.8,NA,NA,564.05388,NA,297.74612,NA,NA,NA,NA,NA,NA,NA,NA,NA,NA
2024_Both01_Warm02_O14,140,08272025,2025,Both,01,Warm,02,O,14,642.9,1599.3,NA,NA,1015.63956,NA,583.66044,NA,NA,NA,NA,NA,NA,NA,NA,NA,NA
2024_Both06_Warm02_O23,141,08272025,2025,Both,06,Warm,02,O,23,346.5,957.9,NA,NA,546.3198,NA,411.5802,NA,NA,NA,NA,NA,NA,NA,NA,NA,NA
2024_Hyp01_Warm02_B14,142,08272025,2025,Hyp,01,Warm,02,B,14,352.9,933.4,NA,Tag came off,556.45356,NA,376.94644,NA,NA,NA,NA,NA,NA,NA,NA,NA,NA
2024_Warm02_Warm02_G16,143,08272025,2025,Warm,02,Warm,02,G,16,319.5,717.8,NA,NA,503.568,NA,214.232,NA,NA,NA,NA,NA,NA,NA,NA,NA,NA
2024_Hyp05_Warm02_B22,144,08272025,2025,Hyp,05,Warm,02,B,22,619.9,1475.4,NA,NA,979.22136,NA,496.17864,NA,NA,NA,NA,NA,NA,NA,NA,NA,NA
2024_Hyp03_Warm02_B17,145,08272025,2025,Hyp,03,Warm,02,B,17,364,909.2,NA,NA,574.0293,NA,335.1707,NA,NA,NA,NA,NA,NA,NA,NA,NA,NA
2024_Both02_Warm02_O15,146,08272025,2025,Both,02,Warm,02,O,15,371.9,847.2,NA,NA,586.53816,NA,260.66184,NA,NA,NA,NA,NA,NA,NA,NA,NA,NA
2024_Hyp06_Hyp02_B23,147,08272025,2025,Hyp,06,Hyp,02,B,23,1557.9,3872,NA,NA,2464.45056,NA,1407.54944,NA,NA,NA,NA,NA,NA,NA,NA,NA,NA
2024_Both06_Hyp02_O23,148,08272025,2025,Both,06,Hyp,02,O,23,976.5,2618.9,NA,NA,1543.8618,NA,1075.0382,NA,NA,NA,NA,NA,NA,NA,NA,NA,NA
2024_Cont03_Hyp02_W18,149,08272025,2025,Cont,03,Hyp,02,W,18,1489.8,3773.2,NA,NA,2356.62102,NA,1416.57898,NA,NA,NA,NA,NA,NA,NA,NA,NA,NA
2024_Both01_Hyp02_O14,150,08272025,2025,Both,01,Hyp,02,O,14,1388.6,3138.9,NA,NA,2196.38094,NA,942.51906,NA,NA,NA,NA,NA,NA,NA,NA,NA,NA
2024_Cont03_Hyp02_W17,151,08272025,2025,Cont,03,Hyp,02,W,17,1101,2700.6,NA,NA,1740.9951,NA,959.6049,NA,NA,NA,NA,NA,NA,NA,NA,NA,NA
2024_Cont06_Hyp02_W24,152,08272025,2025,Cont,06,Hyp,02,W,24,1695.5,4708.1,NA,NA,2682.3264,NA,2025.7736,NA,NA,NA,NA,NA,NA,NA,NA,NA,NA
2024_Warm04_Hyp02_G20,153,08272025,2025,Warm,04,Hyp,02,G,20,1580.1,3848.6,NA,NA,2499.60204,NA,1348.99796,NA,NA,NA,NA,NA,NA,NA,NA,NA,NA
2024_Hyp02_Hyp02_B16,154,08272025,2025,Hyp,02,Hyp,02,B,16,785.3,1903,NA,NA,1241.11572,NA,661.88428,NA,NA,NA,NA,NA,NA,NA,NA,NA,NA
2024_Hyp02_Hyp02_B15,155,08272025,2025,Hyp,02,Hyp,02,B,15,329.8,803.7,NA,NA,519.87702,NA,283.82298,NA,NA,NA,NA,NA,NA,NA,NA,NA,NA
2024_Cont04_Hyp02_W19,156,08272025,2025,Cont,04,Hyp,02,W,19,1051.6,2755.4,NA,NA,1662.77514,NA,1092.62486,NA,NA,NA,NA,NA,NA,NA,NA,NA,NA
2024_Hyp06_Hyp02_B24,157,08272025,2025,Hyp,06,Hyp,02,B,24,925,2534.8,NA,NA,1462.3167,NA,1072.4833,NA,NA,NA,NA,NA,NA,NA,NA,NA,NA
2024_Warm01_Hyp02_G13,158,08272025,2025,Warm,01,Hyp,02,G,13,NA,NA,Dead,Dead,NA,NA,NA,NA,NA,NA,NA,NA,NA,NA,NA,NA,Y
2024_Cont04_Hyp02_W20,159,08272025,2025,Cont,04,Hyp,02,W,20,1094.2,2722.6,NA,NA,1730.22798,NA,992.37202,NA,NA,NA,NA,NA,NA,NA,NA,NA,NA
2024_Warm05_Hyp02_G21,160,08272025,2025,Warm,05,Hyp,02,G,21,969.6,2304.1,NA,NA,1532.93634,NA,771.16366,NA,NA,NA,NA,NA,NA,NA,NA,NA,NA
2024_NANA_Hyp02_NANA,161,08272025,2025,NA,NA,Hyp,02,NA,NA,988.3,2402.8,NA,B21 tag found right under it,1562.54592,NA,840.25408,NA,NA,NA,NA,NA,NA,NA,NA,NA,NA
2024_Cont02_Hyp02_W15,162,08272025,2025,Cont,02,Hyp,02,W,15,1406.4,3349.7,NA,NA,2224.56546,NA,1125.13454,NA,NA,NA,NA,NA,NA,NA,NA,NA,NA
2024_Both03_Hyp02_O17,163,08272025,2025,Both,03,Hyp,02,O,17,2157.9,5204.4,NA,NA,3414.49056,NA,1789.90944,NA,NA,NA,NA,NA,NA,NA,NA,NA,NA
2024_Hyp01_Hyp02_B14,164,08272025,2025,Hyp,01,Hyp,02,B,14,757.5,2125.9,NA,NA,1197.0972,NA,928.8028,NA,NA,NA,NA,NA,NA,NA,NA,NA,NA
2024_Both04_Hyp02_O19,165,08272025,2025,Both,04,Hyp,02,O,19,622.6,1486.7,NA,Was growing into meso mesh,983.49654,NA,503.20346,NA,NA,NA,NA,NA,NA,NA,NA,NA,NA
2024_Both04_Hyp02_O20,166,08272025,2025,Both,04,Hyp,02,O,20,519.5,1275.7,NA,NA,820.248,NA,455.452,NA,NA,NA,NA,NA,NA,NA,NA,NA,NA
2024_Both01_Hyp02_O13,167,08272025,2025,Both,01,Hyp,02,O,13,946.9,2535,NA,NA,1496.99316,NA,1038.00684,NA,NA,NA,NA,NA,NA,NA,NA,NA,NA
2024_Warm03_Hyp02_G17,168,08272025,2025,Warm,03,Hyp,02,G,17,1289.4,3248.7,NA,NA,2039.30766,NA,1209.39234,NA,NA,NA,NA,NA,NA,NA,NA,NA,NA
2024_Warm04_Hyp02_G19,169,08272025,2025,Warm,04,Hyp,02,G,19,1172,2698.7,NA,NA,1853.4165,NA,845.2835,NA,NA,NA,NA,NA,NA,NA,NA,NA,NA
2024_Hyp02_Both02_B15,170,08272025,2025,Hyp,02,Both,02,B,15,1472.6,4366.6,NA,NA,2329.38654,NA,2037.21346,NA,NA,NA,NA,NA,NA,NA,NA,NA,NA
2024_Cont04_Both02_W19,171,08272025,2025,Cont,04,Both,02,W,19,813.7,1861.7,NA,Bee tag came off while picking up,1286.08428,NA,575.61572,NA,NA,NA,NA,NA,NA,NA,NA,NA,NA
2024_Cont03_Both02_W17,172,08272025,2025,Cont,03,Both,02,W,17,1610.2,4048.9,NA,NA,2547.26238,NA,1501.63762,NA,NA,NA,NA,NA,NA,NA,NA,NA,NA
2024_Cont05_Both02_W21,173,08272025,2025,Cont,05,Both,02,W,21,578.7,1418.5,NA,NA,913.98528,NA,504.51472,NA,NA,NA,NA,NA,NA,NA,NA,NA,NA
2024_Both01_Both02_O14,174,08272025,2025,Both,01,Both,02,O,14,517.1,1309.3,NA,NA,816.44784,NA,492.85216,NA,NA,NA,NA,NA,NA,NA,NA,NA,NA
2024_Warm03_Both02_G17,175,08272025,2025,Warm,03,Both,02,G,17,NA,NA,Dead,Dead,NA,NA,NA,NA,NA,NA,NA,NA,NA,NA,NA,NA,Y
2024_Cont01_Both02_W13,176,08272025,2025,Cont,01,Both,02,W,13,1015.4,2581.5,NA,Might be dead--I thought it opened,1605.45606,NA,976.04394,NA,NA,NA,NA,NA,NA,NA,NA,NA,NA
2024_NANA_Both02_NANA,177,08272025,2025,NA,NA,Both,02,NA,NA,1136.5,2987.6,NA,Untagged,1797.2058,NA,1190.3942,NA,NA,NA,NA,NA,NA,NA,NA,NA,NA
2024_Both02_Both02_O15,178,08272025,2025,Both,02,Both,02,O,15,804.7,2029.3,NA,NA,1271.83368,NA,757.46632,NA,NA,NA,NA,NA,NA,NA,NA,NA,NA
2024_Cont04_Both02_W20,179,08272025,2025,Cont,04,Both,02,W,20,591.4,1324.3,NA,NA,934.09446,NA,390.20554,NA,NA,NA,NA,NA,NA,NA,NA,NA,NA
2024_Warm01_Both02_G14,180,08272025,2025,Warm,01,Both,02,G,14,626.5,1492.7,NA,NA,989.6718,NA,503.0282,NA,NA,NA,NA,NA,NA,NA,NA,NA,NA
2024_Both02_Both02_O16,181,08272025,2025,Both,02,Both,02,O,16,891.6,2404.7,NA,NA,1409.43114,NA,995.26886,NA,NA,NA,NA,NA,NA,NA,NA,NA,NA
2024_Both06_Both02_O23,182,08272025,2025,Both,06,Both,02,O,23,1340,3293.8,NA,NA,2119.4277,NA,1174.3723,NA,NA,NA,NA,NA,NA,NA,NA,NA,NA
2024_Warm01_Both02_G13,183,08272025,2025,Warm,01,Both,02,G,13,1054.8,2539.1,NA,NA,1667.84202,NA,871.25798,NA,NA,NA,NA,NA,NA,NA,NA,NA,NA
2024_Warm04_Both02_G19,184,08272025,2025,Warm,04,Both,02,G,19,984.7,2480.2,NA,NA,1556.84568,NA,923.35432,NA,NA,NA,NA,NA,NA,NA,NA,NA,NA
2024_Cont05_Both02_W22,185,08272025,2025,Cont,05,Both,02,W,22,737.1,1706.4,NA,NA,1164.79584,NA,541.60416,NA,NA,NA,NA,NA,NA,NA,NA,NA,NA
2024_Hyp03_Both02_B18,186,08272025,2025,Hyp,03,Both,02,B,18,1078.2,2436.7,NA,NA,1704.89358,NA,731.80642,NA,NA,NA,NA,NA,NA,NA,NA,NA,NA
2024_Both05_Both02_O22,187,08272025,2025,Both,05,Both,02,O,22,870.4,2107,NA,Double,1375.86306,NA,731.13694,NA,NA,NA,NA,NA,NA,NA,NA,NA,NA
2024_Warm06_Both02_G24,188,08272025,2025,Warm,06,Both,02,G,24,1188.8,3001.5,NA,NA,1880.01762,NA,1121.48238,NA,NA,NA,NA,NA,NA,NA,NA,NA,NA
2024_NANA_Both02_NANA,189,08272025,2025,NA,NA,Both,02,NA,NA,1272.5,3138,NA,NA,2012.5482,NA,1125.4518,NA,NA,NA,NA,NA,NA,NA,NA,NA,NA
2024_Hyp02_Both02_B16,190,08272025,2025,Hyp,02,Both,02,B,16,2032,5142.8,NA,Dropped in meso,3215.1405,NA,1927.6595,NA,NA,NA,NA,NA,NA,NA,NA,NA,NA
2024_Hyp03_Both02_B17,191,08272025,2025,Hyp,03,Both,02,B,17,1472.2,3821.8,NA,NA,2328.75318,NA,1493.04682,NA,NA,NA,NA,NA,NA,NA,NA,NA,NA
2024_Both01_Both02_O13,192,08272025,2025,Both,01,Both,02,O,13,NA,NA,Dead,Dead,NA,NA,NA,NA,NA,NA,NA,NA,NA,NA,NA,NA,Y
2024_Hyp06_Both02_B23,193,08272025,2025,Hyp,06,Both,02,B,23,NA,NA,Dead,Dead,NA,NA,NA,NA,NA,NA,NA,NA,NA,NA,NA,NA,Y
2024_Cont03_Cont03_W29,194,08262025,2025,Cont,03,Cont,03,W,29,456.4,1079,NA,NA,720.33546,NA,358.66454,NA,NA,NA,NA,NA,NA,NA,NA,NA,NA
2024_Hyp01_Cont03_B25,195,08262025,2025,Hyp,01,Cont,03,B,25,496,1299.7,NA,7/27 rechecked oysters in meso b/c 2 were marked as B29,783.0381,NA,516.6619,NA,NA,NA,NA,NA,NA,NA,NA,NA,NA
2024_Hyp01_Cont03_B26,196,08262025,2025,Hyp,01,Cont,03,B,26,470,1122.5,NA,NA,741.8697,NA,380.6303,NA,NA,NA,NA,NA,NA,NA,NA,NA,NA
2024_NANA_Cont03_NANA,197,08262025,2025,NA,NA,Cont,03,NA,NA,402.3,937.7,NA,"Found W27, G25 and W32 in meso--I think this sample is G25 (photo)",634.67352,NA,303.02648,NA,NA,NA,NA,NA,NA,NA,NA,NA,NA
2024_Hyp03_Cont03_B29,198,08262025,2025,Hyp,03,Cont,03,B,29,632,1570.5,NA,NA,998.3805,NA,572.1195,NA,NA,NA,NA,NA,NA,NA,NA,NA,NA
2024_NANA_Cont03_NANA,199,08262025,2025,NA,NA,Cont,03,NA,NA,1420.4,3412.9,NA,"Found W27, G25 and W32 in meso--I think this sample is W27",2246.73306,NA,1166.16694,NA,NA,NA,NA,NA,NA,NA,NA,NA,NA
2024_Both05_Cont03_O33,200,08262025,2025,Both,05,Cont,03,O,33,1617.1,3656.3,NA,Tube worm on it,2558.18784,NA,1098.11216,NA,NA,NA,NA,NA,NA,NA,NA,NA,NA
2024_Hyp02_Cont03_B28,201,08262025,2025,Hyp,02,Cont,03,B,28,633.1,1413.5,NA,NA,1000.12224,NA,413.37776,NA,NA,NA,NA,NA,NA,NA,NA,NA,NA
2024_NANA_Cont03_NANA,202,08262025,2025,NA,NA,Cont,03,NA,NA,1984.4,4894.5,NA,"Found W27, G25 and W32 in meso--I think this sample is W32",3139.77066,NA,1754.72934,NA,NA,NA,NA,NA,NA,NA,NA,NA,NA
2024_Both04_Cont03_O31,203,08262025,2025,Both,04,Cont,03,O,31,1628.4,3459.3,NA,NA,2576.08026,NA,883.21974,NA,NA,NA,NA,NA,NA,NA,NA,NA,NA
2024_Warm05_Cont03_G34,204,08262025,2025,Warm,05,Cont,03,G,34,2359.3,5133.6,NA,NA,3733.38732,NA,1400.21268,NA,NA,NA,NA,NA,NA,NA,NA,NA,NA
2024_Warm04_Cont03_G32,205,08262025,2025,Warm,04,Cont,03,G,32,687.8,1533.6,NA,NA,1086.73422,NA,446.86578,NA,NA,NA,NA,NA,NA,NA,NA,NA,NA
2024_Cont01_Cont03_W25,206,08262025,2025,Cont,01,Cont,03,W,25,358.6,916.8,NA,NA,565.47894,NA,351.32106,NA,NA,NA,NA,NA,NA,NA,NA,NA,NA
2024_Warm02_Cont03_G27,207,08262025,2025,Warm,02,Cont,03,G,27,1159.9,2702.5,NA,NA,1834.25736,NA,868.24264,NA,NA,NA,NA,NA,NA,NA,NA,NA,NA
2024_Cont02_Cont03_W28,208,08262025,2025,Cont,02,Cont,03,W,28,785.8,1755.1,NA,NA,1241.90742,NA,513.19258,NA,NA,NA,NA,NA,NA,NA,NA,NA,NA
2024_Warm04_Cont03_G31,209,08262025,2025,Warm,04,Cont,03,G,31,628.8,1520.1,NA,NA,993.31362,NA,526.78638,NA,NA,NA,NA,NA,NA,NA,NA,NA,NA
2024_Hyp05_Cont03_B34,210,08262025,2025,Hyp,05,Cont,03,B,34,840.6,2103.6,NA,NA,1328.67774,NA,774.92226,NA,NA,NA,NA,NA,NA,NA,NA,NA,NA
2024_Both05_Cont03_O34,211,08262025,2025,Both,05,Cont,03,O,34,767.1,1842.8,NA,NA,1212.29784,NA,630.50216,NA,NA,NA,NA,NA,NA,NA,NA,NA,NA
2024_Warm01_Cont03_G26,212,08262025,2025,Warm,01,Cont,03,G,26,936.4,2218.3,NA,NA,1480.36746,NA,737.93254,NA,NA,NA,NA,NA,NA,NA,NA,NA,NA
2024_Both06_Cont03_O36,213,08262025,2025,Both,06,Cont,03,O,36,629.5,1609.3,NA,NA,994.422,NA,614.878,NA,NA,NA,NA,NA,NA,NA,NA,NA,NA
2024_Both04_Cont03_O32,214,08262025,2025,Both,04,Cont,03,O,32,1213,2683.4,NA,NA,1918.3359,NA,765.0641,NA,NA,NA,NA,NA,NA,NA,NA,NA,NA
2024_Both02_Cont03_O28,215,08262025,2025,Both,02,Cont,03,O,28,444.8,1038.6,NA,NA,701.96802,NA,336.63198,NA,NA,NA,NA,NA,NA,NA,NA,NA,NA
2024_Cont04_Cont03_W31,216,08262025,2025,Cont,04,Cont,03,W,31,861.1,2019.2,NA,NA,1361.13744,NA,658.06256,NA,NA,NA,NA,NA,NA,NA,NA,NA,NA
2024_Hyp03_Cont03_B30,217,08262025,2025,Hyp,03,Cont,03,B,30,NA,NA,Dead,Dead,NA,NA,NA,NA,NA,NA,NA,NA,NA,NA,NA,NA,Y
2024_Hyp05_Warm03_B33,218,08262025,2025,Hyp,05,Warm,03,B,33,1527.6,3872.9,NA,NA,2416.47354,NA,1456.42646,NA,NA,NA,NA,NA,NA,NA,NA,NA,NA
2024_Cont04_Warm03_W32,219,08262025,2025,Cont,04,Warm,03,W,32,NA,NA,Dead,Dead,NA,NA,NA,NA,NA,NA,NA,NA,NA,NA,NA,NA,Y
2024_Both04_Warm03_O31,220,08262025,2025,Both,04,Warm,03,O,31,668.6,1569.1,NA,NA,1056.33294,NA,512.76706,NA,NA,NA,NA,NA,NA,NA,NA,NA,NA
2024_Both04_Warm03_O32,221,08262025,2025,Both,04,Warm,03,O,32,852.5,2048.6,NA,NA,1347.5202,NA,701.0798,NA,NA,NA,NA,NA,NA,NA,NA,NA,NA
2024_Cont01_Warm03_W26,222,08262025,2025,Cont,01,Warm,03,W,26,550.5,1325.4,NA,NA,869.3334,NA,456.0666,NA,NA,NA,NA,NA,NA,NA,NA,NA,NA
2024_Hyp04_Warm03_B32,223,08262025,2025,Hyp,04,Warm,03,B,32,181.3,393.9,NA,NA,284.74212,NA,109.15788,NA,NA,NA,NA,NA,NA,NA,NA,NA,NA
2024_Both02_Warm03_O28,224,08262025,2025,Both,02,Warm,03,O,28,682.6,1596.7,NA,NA,1078.50054,NA,518.19946,NA,NA,NA,NA,NA,NA,NA,NA,NA,NA
2024_Warm05_Warm03_G34,225,08262025,2025,Warm,05,Warm,03,G,34,473.2,1165.2,NA,NA,746.93658,NA,418.26342,NA,NA,NA,NA,NA,NA,NA,NA,NA,NA
2024_Warm02_Warm03_G27,226,08262025,2025,Warm,02,Warm,03,G,27,597.6,1587.5,NA,NA,943.91154,NA,643.58846,NA,NA,NA,NA,NA,NA,NA,NA,NA,NA
2024_NANA_Warm03_NANA,227,08262025,2025,NA,NA,Warm,03,NA,NA,837.9,2054.4,NA,"Untagged, deep cup",1324.40256,NA,729.99744,NA,NA,NA,NA,NA,NA,NA,NA,NA,NA
2024_Hyp05_Warm03_B34,228,08262025,2025,Hyp,05,Warm,03,B,34,507,1169.3,NA,NA,800.4555,NA,368.8445,NA,NA,NA,NA,NA,NA,NA,NA,NA,NA
2024_Both01_Warm03_O25,229,08262025,2025,Both,01,Warm,03,O,25,NA,NA,Dead,Dead,NA,NA,NA,NA,NA,NA,NA,NA,NA,NA,NA,NA,Y
2024_Cont02_Warm03_W28,230,08262025,2025,Cont,02,Warm,03,W,28,415.5,1021.4,NA,NA,655.5744,NA,365.8256,NA,NA,NA,NA,NA,NA,NA,NA,NA,NA
2024_Hyp04_Warm03_B31,231,08262025,2025,Hyp,04,Warm,03,B,31,894.8,2349.3,NA,NA,1414.49802,NA,934.80198,NA,NA,NA,NA,NA,NA,NA,NA,NA,NA
2024_Warm01_Warm03_G26,232,08262025,2025,Warm,01,Warm,03,G,26,NA,NA,Dead,Dead,NA,NA,NA,NA,NA,NA,NA,NA,NA,NA,NA,NA,Y
2024_Cont02_Warm03_W27,233,08262025,2025,Cont,02,Warm,03,W,27,NA,NA,Dead,Dead,NA,NA,NA,NA,NA,NA,NA,NA,NA,NA,NA,NA,Y
2024_Hyp06_Warm03_B35,234,08262025,2025,Hyp,06,Warm,03,B,35,809.4,1990.5,NA,NA,1279.27566,NA,711.22434,NA,NA,NA,NA,NA,NA,NA,NA,NA,NA
2024_Both03_Warm03_O30,235,08262025,2025,Both,03,Warm,03,O,30,1132.6,2803.7,NA,NA,1791.03054,NA,1012.66946,NA,NA,NA,NA,NA,NA,NA,NA,NA,NA
2024_Both01_Warm03_O26,236,08262025,2025,Both,01,Warm,03,O,26,546.2,1448.5,NA,NA,862.52478,NA,585.97522,NA,NA,NA,NA,NA,NA,NA,NA,NA,NA
2024_Warm03_Warm03_G29,237,08262025,2025,Warm,03,Warm,03,G,29,639.7,1899.7,NA,NA,1010.57268,NA,889.12732,NA,NA,NA,NA,NA,NA,NA,NA,NA,NA
2024_Hyp02_Warm03_B27,238,08262025,2025,Hyp,02,Warm,03,B,27,1545.2,3482.7,NA,NA,2444.34138,NA,1038.35862,NA,NA,NA,NA,NA,NA,NA,NA,NA,NA
2024_Cont01_Warm03_W25,239,08262025,2025,Cont,01,Warm,03,W,25,1243.9,3193.4,NA,NA,1967.26296,NA,1226.13704,NA,NA,NA,NA,NA,NA,NA,NA,NA,NA
2024_Warm02_Warm03_G28,240,08262025,2025,Warm,02,Warm,03,G,28,596.4,1507.8,NA,NA,942.01146,NA,565.78854,NA,NA,NA,NA,NA,NA,NA,NA,NA,NA
2024_Cont05_Warm03_W34,241,08262025,2025,Cont,05,Warm,03,W,34,314.7,763.4,NA,NA,495.96768,NA,267.43232,NA,NA,NA,NA,NA,NA,NA,NA,NA,NA
2024_Cont02_Hyp03_W28,242,08262025,2025,Cont,02,Hyp,03,W,28,NA,NA,Dead,Dead,NA,NA,NA,NA,NA,NA,NA,NA,NA,NA,NA,NA,Y
2024_Warm05_Hyp03_G34,243,08262025,2025,Warm,05,Hyp,03,G,34,1055.7,2393.9,NA,NA,1669.26708,NA,724.63292,NA,NA,NA,NA,NA,NA,NA,NA,NA,NA
2024_Cont03_Hyp03_W29,244,08262025,2025,Cont,03,Hyp,03,W,29,1399.5,3411.8,NA,NA,2213.64,NA,1198.16,NA,NA,NA,NA,NA,NA,NA,NA,NA,NA
2024_Both01_Hyp03_O25,245,08262025,2025,Both,01,Hyp,03,O,25,682.4,1524.5,NA,NA,1078.18386,NA,446.31614,NA,NA,NA,NA,NA,NA,NA,NA,NA,NA
2024_Both02_Hyp03_O28,246,08262025,2025,Both,02,Hyp,03,O,28,1497.6,3389.3,NA,NA,2368.97154,NA,1020.32846,NA,NA,NA,NA,NA,NA,NA,NA,NA,NA
2024_Hyp02_Hyp03_B27,247,08262025,2025,Hyp,02,Hyp,03,B,27,769.7,1973.6,NA,NA,1216.41468,NA,757.18532,NA,NA,NA,NA,NA,NA,NA,NA,NA,NA
2024_Warm05_Hyp03_G33,248,08262025,2025,Warm,05,Hyp,03,G,33,1073.1,2418.8,NA,NA,1696.81824,NA,721.98176,NA,NA,NA,NA,NA,NA,NA,NA,NA,NA
2024_Cont01_Hyp03_W26,249,08262025,2025,Cont,01,Hyp,03,W,26,541,1345.2,NA,NA,854.2911,NA,490.9089,NA,NA,NA,NA,NA,NA,NA,NA,NA,NA
2024_Warm02_Hyp03_G28,250,08262025,2025,Warm,02,Hyp,03,G,28,572,1364.2,NA,NA,903.3765,NA,460.8235,NA,NA,NA,NA,NA,NA,NA,NA,NA,NA
2024_Both04_Hyp03_O31,251,08262025,2025,Both,04,Hyp,03,O,31,730.4,1695.8,NA,NA,1154.18706,NA,541.61294,NA,NA,NA,NA,NA,NA,NA,NA,NA,NA
2024_Warm02_Hyp03_G27,252,08262025,2025,Warm,02,Hyp,03,G,27,1441,3351.3,NA,NA,2279.3511,NA,1071.9489,NA,NA,NA,NA,NA,NA,NA,NA,NA,NA
2024_Warm06_Hyp03_G35,253,08262025,2025,Warm,06,Hyp,03,G,35,604.1,1366,NA,NA,954.20364,NA,411.79636,NA,NA,NA,NA,NA,NA,NA,NA,NA,NA
2024_NANA_Hyp03_NANA,254,08262025,2025,NA,NA,Hyp,03,NA,NA,1558.1,3666.6,NA,Untagged,2464.76724,NA,1201.83276,NA,NA,NA,NA,NA,NA,NA,NA,NA,NA
2024_Hyp03_Hyp03_B29,255,08262025,2025,Hyp,03,Hyp,03,B,29,660.6,1546.4,NA,NA,1043.66574,NA,502.73426,NA,NA,NA,NA,NA,NA,NA,NA,NA,NA
2024_Warm04_Hyp03_G31,256,08262025,2025,Warm,04,Hyp,03,G,31,567.6,1402.8,NA,NA,896.40954,NA,506.39046,NA,NA,NA,NA,NA,NA,NA,NA,NA,NA
2024_Cont01_Hyp03_W25,257,08262025,2025,Cont,01,Hyp,03,W,25,1159.8,2884,NA,NA,1834.09902,NA,1049.90098,NA,NA,NA,NA,NA,NA,NA,NA,NA,NA
2024_Hyp03_Hyp03_B30,258,08262025,2025,Hyp,03,Hyp,03,B,30,804.6,2006.1,NA,NA,1271.67534,NA,734.42466,NA,NA,NA,NA,NA,NA,NA,NA,NA,NA
2024_Cont02_Hyp03_W27,259,08262025,2025,Cont,02,Hyp,03,W,27,1097.4,2606.9,NA,NA,1735.29486,NA,871.60514,NA,NA,NA,NA,NA,NA,NA,NA,NA,NA
2024_Hyp01_Hyp03_B25,260,08262025,2025,Hyp,01,Hyp,03,B,25,581,1435.3,NA,NA,917.6271,NA,517.6729,NA,NA,NA,NA,NA,NA,NA,NA,NA,NA
2024_Hyp04_Hyp03_B31,261,08262025,2025,Hyp,04,Hyp,03,B,31,1013.6,2557.7,NA,NA,1602.60594,NA,955.09406,NA,NA,NA,NA,NA,NA,NA,NA,NA,NA
2024_Hyp01_Hyp03_B26,262,08262025,2025,Hyp,01,Hyp,03,B,26,819.1,1859.2,NA,NA,1294.63464,NA,564.56536,NA,NA,NA,NA,NA,NA,NA,NA,NA,NA
2024_Both05_Hyp03_O33,263,08262025,2025,Both,05,Hyp,03,O,33,668.3,1726.8,NA,NA,1055.85792,NA,670.94208,NA,NA,NA,NA,NA,NA,NA,NA,NA,NA
2024_Both01_Hyp03_O26,264,08262025,2025,Both,01,Hyp,03,O,26,461.4,1100.8,NA,NA,728.25246,NA,372.54754,NA,NA,NA,NA,NA,NA,NA,NA,NA,NA
2024_Both02_Hyp03_O27,265,08262025,2025,Both,02,Hyp,03,O,27,NA,NA,Dead,Dead,NA,NA,NA,NA,NA,NA,NA,NA,NA,NA,NA,NA,Y
2024_Warm04_Both03_G31,266,08262025,2025,Warm,04,Both,03,G,31,874.2,2236.3,NA,NA,1381.87998,NA,854.42002,NA,NA,NA,NA,NA,NA,NA,NA,NA,NA
2024_Cont04_Both03_W32,267,08262025,2025,Cont,04,Both,03,W,32,669.4,1637,NA,NA,1057.59966,NA,579.40034,NA,NA,NA,NA,NA,NA,NA,NA,NA,NA
2024_Cont06_Both03_W35,268,08262025,2025,Cont,06,Both,03,W,35,1401.4,3798,NA,NA,2216.64846,NA,1581.35154,NA,NA,NA,NA,NA,NA,NA,NA,NA,NA
2024_Cont05_Both03_W33,269,08262025,2025,Cont,05,Both,03,W,33,932.7,2361.8,NA,NA,1474.50888,NA,887.29112,NA,NA,NA,NA,NA,NA,NA,NA,NA,NA
2024_Both02_Both03_O28,270,08262025,2025,Both,02,Both,03,O,28,674.3,1599.4,NA,NA,1065.35832,NA,534.04168,NA,NA,NA,NA,NA,NA,NA,NA,NA,NA
2024_Cont02_Both03_W28,271,08262025,2025,Cont,02,Both,03,W,28,615.7,1518.8,NA,NA,972.57108,NA,546.22892,NA,NA,NA,NA,NA,NA,NA,NA,NA,NA
2024_Warm04_Both03_G32,272,08262025,2025,Warm,04,Both,03,G,32,840.8,2008.8,NA,NA,1328.99442,NA,679.80558,NA,NA,NA,NA,NA,NA,NA,NA,NA,NA
2024_Hyp02_Both03_B28,273,08262025,2025,Hyp,02,Both,03,B,28,601.3,1422.8,NA,NA,949.77012,NA,473.02988,NA,NA,NA,NA,NA,NA,NA,NA,NA,NA
2024_Both05_Both03_O33,274,08262025,2025,Both,05,Both,03,O,33,616.2,1592.9,NA,NA,973.36278,NA,619.53722,NA,NA,NA,NA,NA,NA,NA,NA,NA,NA
2024_Both03_Both03_O30,275,08262025,2025,Both,03,Both,03,O,30,577.8,1364.3,NA,NA,912.56022,NA,451.73978,NA,NA,NA,NA,NA,NA,NA,NA,NA,NA
2024_Warm05_Both03_G34,276,08262025,2025,Warm,05,Both,03,G,34,284.3,639.5,NA,NA,447.83232,NA,191.66768,NA,NA,NA,NA,NA,NA,NA,NA,NA,NA
2024_Hyp04_Both03_B32,277,08262025,2025,Hyp,04,Both,03,B,32,327.3,775,NA,NA,515.91852,NA,259.08148,NA,NA,NA,NA,NA,NA,NA,NA,NA,NA
2024_Cont06_Both03_W36,278,08262025,2025,Cont,06,Both,03,W,36,820.9,2000.2,NA,NA,1297.48476,NA,702.71524,NA,NA,NA,NA,NA,NA,NA,NA,NA,NA
2024_Both01_Both03_O26,279,08262025,2025,Both,01,Both,03,O,26,797.2,1828.7,NA,NA,1259.95818,NA,568.74182,NA,NA,NA,NA,NA,NA,NA,NA,NA,NA
2024_Both05_Both03_O34,280,08262025,2025,Both,05,Both,03,O,34,751.8,1908.6,NA,NA,1188.07182,NA,720.52818,NA,NA,NA,NA,NA,NA,NA,NA,NA,NA
2024_Both03_Both03_O29,281,08262025,2025,Both,03,Both,03,O,29,1055.5,2853.8,NA,NA,1668.9504,NA,1184.8496,NA,NA,NA,NA,NA,NA,NA,NA,NA,NA
2024_Hyp01_Both03_B26,282,08262025,2025,Hyp,01,Both,03,B,26,428.1,1102.4,NA,Has large tube worm on it,675.52524,NA,426.87476,NA,NA,NA,NA,NA,NA,NA,NA,NA,NA
2024_Hyp02_Both03_B27,283,08262025,2025,Hyp,02,Both,03,B,27,773.1,1846.8,NA,NA,1221.79824,NA,625.00176,NA,NA,NA,NA,NA,NA,NA,NA,NA,NA
2024_Hyp04_Both03_B31,284,08262025,2025,Hyp,04,Both,03,B,31,743.1,1789.4,NA,NA,1174.29624,NA,615.10376,NA,NA,NA,NA,NA,NA,NA,NA,NA,NA
2024_Warm05_Both03_G33,285,08262025,2025,Warm,05,Both,03,G,33,862.8,2159.3,NA,NA,1363.82922,NA,795.47078,NA,NA,NA,NA,NA,NA,NA,NA,NA,NA
2024_Cont02_Both03_W27,286,08262025,2025,Cont,02,Both,03,W,27,490.5,1116.9,NA,NA,774.3294,NA,342.5706,NA,NA,NA,NA,NA,NA,NA,NA,NA,NA
2024_NANA_Both03_NANA,287,08262025,2025,NA,NA,Both,03,NA,NA,211.4,493.9,NA,Untagged,332.40246,NA,161.49754,NA,NA,NA,NA,NA,NA,NA,NA,NA,NA
2024_Warm01_Both03_G25,288,08262025,2025,Warm,01,Both,03,G,25,NA,NA,Dead,Dead,NA,NA,NA,NA,NA,NA,NA,NA,NA,NA,NA,NA,Y
2024_Hyp03_Both03_B29,289,08262025,2025,Hyp,03,Both,03,B,29,NA,NA,Dead,Dead,NA,NA,NA,NA,NA,NA,NA,NA,NA,NA,NA,NA,Y
2024_Warm02_Both03_G27,290,08262025,2025,Warm,02,Both,03,G,27,NA,NA,Dead,"Dead, another half shell in the meso (?)",NA,NA,NA,NA,NA,NA,NA,NA,NA,NA,NA,NA,Y
2024_Both04_Cont04_O43,291,08262025,2025,Both,04,Cont,04,O,43,1417.1,3344.2,NA,NA,2241.50784,NA,1102.69216,NA,NA,NA,NA,NA,NA,NA,NA,NA,NA
2024_Cont06_Cont04_W48,292,08262025,2025,Cont,06,Cont,04,W,48,583.8,1416,NA,NA,922.06062,NA,493.93938,NA,NA,NA,NA,NA,NA,NA,NA,NA,NA
2024_Both03_Cont04_O42,293,08262025,2025,Both,03,Cont,04,O,42,1173.3,2501.1,NA,NA,1855.47492,NA,645.62508,NA,NA,NA,NA,NA,NA,NA,NA,NA,NA
2024_Hyp04_Cont04_B43,294,08262025,2025,Hyp,04,Cont,04,B,43,705.3,1885,NA,NA,1114.44372,NA,770.55628,NA,NA,NA,NA,NA,NA,NA,NA,NA,NA
2024_Cont02_Cont04_W39,295,08262025,2025,Cont,02,Cont,04,W,39,609.5,1693.1,NA,Dropped,962.754,NA,730.346,NA,NA,NA,NA,NA,NA,NA,NA,NA,NA
2024_Both04_Cont04_O44,296,08262025,2025,Both,04,Cont,04,O,44,837.1,2140.9,NA,NA,1323.13584,NA,817.76416,NA,NA,NA,NA,NA,NA,NA,NA,NA,NA
2024_Warm04_Cont04_G44,297,08262025,2025,Warm,04,Cont,04,G,44,1231,3020.7,NA,NA,1946.8371,NA,1073.8629,NA,NA,NA,NA,NA,NA,NA,NA,NA,NA
2024_Warm06_Cont04_G48,298,08262025,2025,Warm,06,Cont,04,G,48,1004.9,2519.4,NA,NA,1588.83036,NA,930.56964,NA,NA,NA,NA,NA,NA,NA,NA,NA,NA
2024_Both06_Cont04_O47,299,08262025,2025,Both,06,Cont,04,O,47,1083,2872.9,NA,NA,1712.4939,NA,1160.4061,NA,NA,NA,NA,NA,NA,NA,NA,NA,NA
2024_Cont05_Cont04_W45,300,08262025,2025,Cont,05,Cont,04,W,45,1561,3799.6,NA,NA,2469.3591,NA,1330.2409,NA,NA,NA,NA,NA,NA,NA,NA,NA,NA
2024_Warm04_Cont04_G43,301,08262025,2025,Warm,04,Cont,04,G,43,1212.6,3308.5,NA,NA,1917.70254,NA,1390.79746,NA,NA,NA,NA,NA,NA,NA,NA,NA,NA
2024_Hyp03_Cont04_B42,302,08262025,2025,Hyp,03,Cont,04,B,42,1174.7,3096.5,NA,NA,1857.69168,NA,1238.80832,NA,NA,NA,NA,NA,NA,NA,NA,NA,NA
2024_Warm02_Cont04_G39,303,08262025,2025,Warm,02,Cont,04,G,39,1148.6,2891.6,NA,NA,1816.36494,NA,1075.23506,NA,NA,NA,NA,NA,NA,NA,NA,NA,NA
2024_Hyp04_Cont04_B44,304,08262025,2025,Hyp,04,Cont,04,B,44,358.1,1274.4,NA,NA,564.68724,NA,709.71276,NA,NA,NA,NA,NA,NA,NA,NA,NA,NA
2024_Hyp01_Cont04_B37,305,08262025,2025,Hyp,01,Cont,04,B,37,1026.1,2426.8,NA,NA,1622.39844,NA,804.40156,NA,NA,NA,NA,NA,NA,NA,NA,NA,NA
2024_Hyp03_Cont04_B41,306,08262025,2025,Hyp,03,Cont,04,B,41,505.4,1478.9,NA,NA,797.92206,NA,680.97794,NA,NA,NA,NA,NA,NA,NA,NA,NA,NA
2024_Cont06_Cont04_W47,307,08262025,2025,Cont,06,Cont,04,W,47,884,2190.7,NA,NA,1397.3973,NA,793.3027,NA,NA,NA,NA,NA,NA,NA,NA,NA,NA
2024_Both03_Cont04_O41,308,08262025,2025,Both,03,Cont,04,O,41,308.8,771.1,NA,NA,486.62562,NA,284.47438,NA,NA,NA,NA,NA,NA,NA,NA,NA,NA
2024_Warm02_Cont04_G40,309,08262025,2025,Warm,02,Cont,04,G,40,991.3,2442,NA,NA,1567.29612,NA,874.70388,NA,NA,NA,NA,NA,NA,NA,NA,NA,NA
2024_Hyp02_Cont04_B39,310,08262025,2025,Hyp,02,Cont,04,B,39,726.3,1692.9,NA,NA,1147.69512,NA,545.20488,NA,NA,NA,NA,NA,NA,NA,NA,NA,NA
2024_Both01_Cont04_O38,311,08262025,2025,Both,01,Cont,04,O,38,814.8,1936.6,NA,NA,1287.82602,NA,648.77398,NA,NA,NA,NA,NA,NA,NA,NA,NA,NA
2024_Warm01_Cont04_G38,312,08262025,2025,Warm,01,Cont,04,G,38,229.8,562.2,NA,NA,361.53702,NA,200.66298,NA,NA,NA,NA,NA,NA,NA,NA,NA,NA
2024_NANA_Cont04_NANA,313,08262025,2025,NA,NA,Cont,04,NA,NA,482,1112.6,NA,Untagged,760.8705,NA,351.7295,NA,NA,NA,NA,NA,NA,NA,NA,NA,NA
2024_Cont02_Cont04_W40,314,08262025,2025,Cont,02,Cont,04,W,40,NA,NA,Dead,Dead,NA,NA,NA,NA,NA,NA,NA,NA,NA,NA,NA,NA,Y
2024_Both04_Warm04_O43,315,08262025,2025,Both,04,Warm,04,O,43,813.6,1927.1,NA,NA,1285.92594,NA,641.17406,NA,NA,NA,NA,NA,NA,NA,NA,NA,NA
2024_Both02_Warm04_O39,316,08262025,2025,Both,02,Warm,04,O,39,1793.7,4175.6,NA,NA,2837.81628,NA,1337.78372,NA,NA,NA,NA,NA,NA,NA,NA,NA,NA
2024_Hyp04_Warm04_B43,317,08262025,2025,Hyp,04,Warm,04,B,43,977.1,2272.1,NA,NA,1544.81184,NA,727.28816,NA,NA,NA,NA,NA,NA,NA,NA,NA,NA
2024_Cont04_Warm04_W44,318,08262025,2025,Cont,04,Warm,04,W,44,765.6,2009.7,NA,NA,1209.92274,NA,799.77726,NA,NA,NA,NA,NA,NA,NA,NA,NA,NA
2024_Cont02_Warm04_W40,319,08262025,2025,Cont,02,Warm,04,W,40,1319.3,3086.4,NA,NA,2086.65132,NA,999.74868,NA,NA,NA,NA,NA,NA,NA,NA,NA,NA
2024_Warm01_Warm04_G38,320,08262025,2025,Warm,01,Warm,04,G,38,857,2255.8,NA,NA,1354.6455,NA,901.1545,NA,NA,NA,NA,NA,NA,NA,NA,NA,NA
2024_Warm02_Warm04_G40,321,08262025,2025,Warm,02,Warm,04,G,40,1284.4,2975.7,NA,NA,2031.39066,NA,944.30934,NA,NA,NA,NA,NA,NA,NA,NA,NA,NA
2024_Hyp03_Warm04_B41,322,08262025,2025,Hyp,03,Warm,04,B,41,1291.4,2823,NA,NA,2042.47446,NA,780.52554,NA,NA,NA,NA,NA,NA,NA,NA,NA,NA
2024_Both04_Warm04_O44,323,08262025,2025,Both,04,Warm,04,O,44,908.4,2248.7,NA,NA,1436.03226,NA,812.66774,NA,NA,NA,NA,NA,NA,NA,NA,NA,NA
2024_Warm04_Warm04_G43,324,08262025,2025,Warm,04,Warm,04,G,43,1359.7,3272.5,NA,NA,2150.62068,NA,1121.87932,NA,NA,NA,NA,NA,NA,NA,NA,NA,NA
2024_Both06_Warm04_O48,325,08262025,2025,Both,06,Warm,04,O,48,1265.5,3096.1,NA,NA,2001.4644,NA,1094.6356,NA,NA,NA,NA,NA,NA,NA,NA,NA,NA
2024_NANA_Warm04_NANA,326,08262025,2025,NA,NA,Warm,04,NA,NA,1010.2,2767,NA,Bore hole?,1597.22238,NA,1169.77762,NA,NA,NA,NA,NA,NA,NA,NA,NA,NA
2024_Hyp06_Warm04_B47,327,08262025,2025,Hyp,06,Warm,04,B,47,415,1037.1,NA,NA,654.7827,NA,382.3173,NA,NA,NA,NA,NA,NA,NA,NA,NA,NA
2024_Warm02_Warm04_G39,328,08262025,2025,Warm,02,Warm,04,G,39,706,1674.8,NA,Bee tag came loose,1115.5521,NA,559.2479,NA,NA,NA,NA,NA,NA,NA,NA,NA,NA
2024_Hyp06_Warm04_B48,329,08262025,2025,Hyp,06,Warm,04,B,48,961.1,2188.8,NA,NA,1519.47744,NA,669.32256,NA,NA,NA,NA,NA,NA,NA,NA,NA,NA
2024_Warm03_Warm04_G42,330,08262025,2025,Warm,03,Warm,04,G,42,559.5,1448.3,NA,NA,883.584,NA,564.716,NA,NA,NA,NA,NA,NA,NA,NA,NA,NA
2024_Warm01_Warm04_G37,331,08262025,2025,Warm,01,Warm,04,G,37,544.1,1160.6,NA,NA,859.19964,NA,301.40036,NA,NA,NA,NA,NA,NA,NA,NA,NA,NA
2024_Cont04_Warm04_W43,332,08262025,2025,Cont,04,Warm,04,W,43,757.5,1720.3,NA,NA,1197.0972,NA,523.2028,NA,NA,NA,NA,NA,NA,NA,NA,NA,NA
2024_Hyp02_Warm04_B39,333,08262025,2025,Hyp,02,Warm,04,B,39,502.9,1175.2,NA,NA,793.96356,NA,381.23644,NA,NA,NA,NA,NA,NA,NA,NA,NA,NA
2024_Cont01_Warm04_W37,334,08262025,2025,Cont,01,Warm,04,W,37,1069.1,2337.1,NA,NA,1690.48464,NA,646.61536,NA,NA,NA,NA,NA,NA,NA,NA,NA,NA
2024_Both06_Warm04_O47,335,08262025,2025,Both,06,Warm,04,O,47,465.4,1171.2,NA,NA,734.58606,NA,436.61394,NA,NA,NA,NA,NA,NA,NA,NA,NA,NA
2024_Cont02_Warm04_W39,336,08262025,2025,Cont,02,Warm,04,W,39,774.8,1706,NA,NA,1224.49002,NA,481.50998,NA,NA,NA,NA,NA,NA,NA,NA,NA,NA
2024_Both05_Warm04_O45,337,08262025,2025,Both,05,Warm,04,O,45,671.9,1568.5,NA,NA,1061.55816,NA,506.94184,NA,NA,NA,NA,NA,NA,NA,NA,NA,NA
2024_Hyp02_Warm04_B40,338,08262025,2025,Hyp,02,Warm,04,B,40,NA,NA,Dead,Dead,NA,NA,NA,NA,NA,NA,NA,NA,NA,NA,NA,NA,Y
2024_Warm02_Hyp04_G39,339,08262025,2025,Warm,02,Hyp,04,G,39,261.1,673.8,NA,NA,411.09744,NA,262.70256,NA,NA,NA,NA,NA,NA,NA,NA,NA,NA
2024_Hyp04_Hyp04_B44,340,08262025,2025,Hyp,04,Hyp,04,B,44,937.6,2283.5,NA,NA,1482.26754,NA,801.23246,NA,NA,NA,NA,NA,NA,NA,NA,NA,NA
2024_Warm04_Hyp04_G43,341,08262025,2025,Warm,04,Hyp,04,G,43,490,1179.3,NA,NA,773.5377,NA,405.7623,NA,NA,NA,NA,NA,NA,NA,NA,NA,NA
2024_Warm02_Hyp04_G40,342,08262025,2025,Warm,02,Hyp,04,G,40,252,570.3,NA,NA,396.6885,NA,173.6115,NA,NA,NA,NA,NA,NA,NA,NA,NA,NA
2024_Hyp05_Hyp04_B46,343,08262025,2025,Hyp,05,Hyp,04,B,46,387.7,953.1,NA,NA,611.55588,NA,341.54412,NA,NA,NA,NA,NA,NA,NA,NA,NA,NA
2024_Hyp05_Hyp04_B45,344,08262025,2025,Hyp,05,Hyp,04,B,45,600.6,1324.4,NA,NA,948.66174,NA,375.73826,NA,NA,NA,NA,NA,NA,NA,NA,NA,NA
2024_Cont01_Hyp04_W37,345,08262025,2025,Cont,01,Hyp,04,W,37,819.3,1878.2,NA,NA,1294.95132,NA,583.24868,NA,NA,NA,NA,NA,NA,NA,NA,NA,NA
2024_Both06_Hyp04_O47,346,08262025,2025,Both,06,Hyp,04,O,47,202,482,NA,NA,317.5185,NA,164.4815,NA,NA,NA,NA,NA,NA,NA,NA,NA,NA
2024_Hyp02_Hyp04_B39,347,08262025,2025,Hyp,02,Hyp,04,B,39,834.3,1968.3,NA,NA,1318.70232,NA,649.59768,NA,NA,NA,NA,NA,NA,NA,NA,NA,NA
2024_Both02_Hyp04_O39,348,08262025,2025,Both,02,Hyp,04,O,39,979.3,2131.7,NA,NA,1548.29532,NA,583.40468,NA,NA,NA,NA,NA,NA,NA,NA,NA,NA
2024_Warm03_Hyp04_G42,349,08262025,2025,Warm,03,Hyp,04,G,42,331.4,748.9,NA,NA,522.41046,NA,226.48954,NA,NA,NA,NA,NA,NA,NA,NA,NA,NA
2024_Cont03_Hyp04_W42,350,08262025,2025,Cont,03,Hyp,04,W,42,785.4,1925.9,NA,NA,1241.27406,NA,684.62594,NA,NA,NA,NA,NA,NA,NA,NA,NA,NA
2024_Both06_Hyp04_O48,351,08262025,2025,Both,06,Hyp,04,O,48,308.1,753.2,NA,NA,485.51724,NA,267.68276,NA,NA,NA,NA,NA,NA,NA,NA,NA,NA
2024_Cont04_Hyp04_W43,352,08262025,2025,Cont,04,Hyp,04,W,43,697.5,1783.1,NA,NA,1102.0932,NA,681.0068,NA,NA,NA,NA,NA,NA,NA,NA,NA,NA
2024_Cont03_Hyp04_W41,353,08262025,2025,Cont,03,Hyp,04,W,41,431.1,981.2,NA,NA,680.27544,NA,300.92456,NA,NA,NA,NA,NA,NA,NA,NA,NA,NA
2024_Both04_Hyp04_O44,354,08262025,2025,Both,04,Hyp,04,O,44,410,975.4,NA,NA,646.8657,NA,328.5343,NA,NA,NA,NA,NA,NA,NA,NA,NA,NA
2024_Warm06_Hyp04_G47,355,08262025,2025,Warm,06,Hyp,04,G,47,359.8,771.1,NA,NA,567.37902,NA,203.72098,NA,NA,NA,NA,NA,NA,NA,NA,NA,NA
2024_Both04_Hyp04_O43,356,08262025,2025,Both,04,Hyp,04,O,43,236.2,615.8,NA,NA,371.67078,NA,244.12922,NA,NA,NA,NA,NA,NA,NA,NA,NA,NA
2024_Warm06_Hyp04_G48,357,08262025,2025,Warm,06,Hyp,04,G,48,293.1,748.1,NA,NA,461.76624,NA,286.33376,NA,NA,NA,NA,NA,NA,NA,NA,NA,NA
2024_Cont04_Hyp04_W44,358,08262025,2025,Cont,04,Hyp,04,W,44,745.4,1678.3,NA,NA,1177.93806,NA,500.36194,NA,NA,NA,NA,NA,NA,NA,NA,NA,NA
2024_Hyp02_Hyp04_B40,359,08262025,2025,Hyp,02,Hyp,04,B,40,610.5,1432.9,NA,NA,964.3374,NA,468.5626,NA,NA,NA,NA,NA,NA,NA,NA,NA,NA
2024_Hyp06_Hyp04_B48,360,08262025,2025,Hyp,06,Hyp,04,B,48,349.3,796.4,NA,NA,550.75332,NA,245.64668,NA,NA,NA,NA,NA,NA,NA,NA,NA,NA
2024_Both01_Hyp04_O38,361,08262025,2025,Both,01,Hyp,04,O,38,320.7,779.8,NA,NA,505.46808,NA,274.33192,NA,NA,NA,NA,NA,NA,NA,NA,NA,NA
2024_Cont03_Both04_W41,362,08262025,2025,Cont,03,Both,04,W,41,1086.7,3269.2,NA,NA,1718.35248,NA,1550.84752,NA,NA,NA,NA,NA,NA,NA,NA,NA,NA
2024_Hyp02_Both04_B39,363,08262025,2025,Hyp,02,Both,04,B,39,1658.6,4173.8,NA,NA,2623.89894,NA,1549.90106,NA,NA,NA,NA,NA,NA,NA,NA,NA,NA
2024_Cont03_Both04_W42,364,08262025,2025,Cont,03,Both,04,W,42,1008.4,2395.6,NA,NA,1594.37226,NA,801.22774,NA,NA,NA,NA,NA,NA,NA,NA,NA,NA
2024_Both04_Both04_O43,365,08262025,2025,Both,04,Both,04,O,43,794.8,1808.5,NA,NA,1256.15802,NA,552.34198,NA,NA,NA,NA,NA,NA,NA,NA,NA,NA
2024_Cont02_Both04_W40,366,08262025,2025,Cont,02,Both,04,W,40,514.4,1227.1,NA,NA,812.17266,NA,414.92734,NA,NA,NA,NA,NA,NA,NA,NA,NA,NA
2024_Cont04_Both04_W43,367,08262025,2025,Cont,04,Both,04,W,43,1375.3,3233.3,NA,NA,2175.32172,NA,1057.97828,NA,NA,NA,NA,NA,NA,NA,NA,NA,NA
2024_Both05_Both04_O46,368,08262025,2025,Both,05,Both,04,O,46,250,629.5,NA,NA,393.5217,NA,235.9783,NA,NA,NA,NA,NA,NA,NA,NA,NA,NA
2024_Both02_Both04_O39,369,08262025,2025,Both,02,Both,04,O,39,213.4,514.3,NA,NA,335.56926,NA,178.73074,NA,NA,NA,NA,NA,NA,NA,NA,NA,NA
2024_Warm01_Both04_G37,370,08262025,2025,Warm,01,Both,04,G,37,1212.4,3293.3,NA,NA,1917.38586,NA,1375.91414,NA,NA,NA,NA,NA,NA,NA,NA,NA,NA
2024_Warm04_Both04_G44,371,08262025,2025,Warm,04,Both,04,G,44,757.9,1971.1,NA,NA,1197.73056,NA,773.36944,NA,NA,NA,NA,NA,NA,NA,NA,NA,NA
2024_Warm03_Both04_G41,372,08262025,2025,Warm,03,Both,04,G,41,430.9,1012.2,NA,NA,679.95876,NA,332.24124,NA,NA,NA,NA,NA,NA,NA,NA,NA,NA
2024_Both05_Both04_O45,373,08262025,2025,Both,05,Both,04,O,45,460.1,1093.3,NA,NA,726.19404,NA,367.10596,NA,NA,NA,NA,NA,NA,NA,NA,NA,NA
2024_Hyp06_Both04_B47,374,08262025,2025,Hyp,06,Both,04,B,47,939,2187.1,NA,Dropped on table after buoyant weight,1484.4843,NA,702.6157,NA,NA,NA,NA,NA,NA,NA,NA,NA,NA
2024_Cont02_Both04_W39,375,08262025,2025,Cont,02,Both,04,W,39,738.4,1848.5,NA,NA,1166.85426,NA,681.64574,NA,NA,NA,NA,NA,NA,NA,NA,NA,NA
2024_Hyp01_Both04_B38,376,08262025,2025,Hyp,01,Both,04,B,38,905.4,2145.1,NA,NA,1431.28206,NA,713.81794,NA,NA,NA,NA,NA,NA,NA,NA,NA,NA
2024_Both04_Both04_O44,377,08262025,2025,Both,04,Both,04,O,44,475.9,1214.4,NA,NA,751.21176,NA,463.18824,NA,NA,NA,NA,NA,NA,NA,NA,NA,NA
2024_Hyp02_Both04_B40,378,08262025,2025,Hyp,02,Both,04,B,40,1037,2328.3,NA,NA,1639.6575,NA,688.6425,NA,NA,NA,NA,NA,NA,NA,NA,NA,NA
2024_Hyp04_Both04_B44,379,08262025,2025,Hyp,04,Both,04,B,44,326.6,764.1,NA,NA,514.81014,NA,249.28986,NA,NA,NA,NA,NA,NA,NA,NA,NA,NA
2024_Warm03_Both04_G42,380,08262025,2025,Warm,03,Both,04,G,42,942.1,2135.5,NA,NA,1489.39284,NA,646.10716,NA,NA,NA,NA,NA,NA,NA,NA,NA,NA
2024_Warm04_Both04_G43,381,08262025,2025,Warm,04,Both,04,G,43,822.4,2222.5,NA,NA,1299.85986,NA,922.64014,NA,NA,NA,NA,NA,NA,NA,NA,NA,NA
2024_Warm02_Both04_G39,382,08262025,2025,Warm,02,Both,04,G,39,555.6,1341,NA,NA,877.40874,NA,463.59126,NA,NA,NA,NA,NA,NA,NA,NA,NA,NA
2024_Hyp01_Both04_B37,383,08262025,2025,Hyp,01,Both,04,B,37,731,1832.1,NA,Broke slightly when picked up,1155.1371,NA,676.9629,NA,NA,NA,NA,NA,NA,NA,NA,NA,NA
2024_Cont06_Both04_W47,384,08262025,2025,Cont,06,Both,04,W,47,214.4,561.8,NA,NA,337.15266,NA,224.64734,NA,NA,NA,NA,NA,NA,NA,NA,NA,NA
2024_Both06_Both04_O48,385,08262025,2025,Both,06,Both,04,O,48,NA,NA,Dead,Dead,NA,NA,NA,NA,NA,NA,NA,NA,NA,NA,NA,NA,Y
2024_Cont03_Cont05_W54,386,08252025,2025,Cont,03,Cont,05,W,54,2477,6247.4,NA,NA,3919.7535,NA,2327.6465,NA,NA,NA,NA,NA,NA,NA,NA,NA,NA
2024_Hyp05_Cont05_B57,387,08252025,2025,Hyp,05,Cont,05,B,57,985.7,2624.4,NA,NA,1558.42908,NA,1065.97092,NA,NA,NA,NA,NA,NA,NA,NA,NA,NA
2024_NANA_Cont05_NANA,388,08252025,2025,NA,NA,Cont,05,NA,NA,1464.6,3360,NA,"Untagged, found extra tag in meso (W57)",2316.71934,NA,1043.28066,NA,NA,NA,NA,NA,NA,NA,NA,NA,NA
2024_Warm03_Cont05_G54,389,08252025,2025,Warm,03,Cont,05,G,54,697.3,1681.2,NA,NA,1101.77652,NA,579.42348,NA,NA,NA,NA,NA,NA,NA,NA,NA,NA
2024_Hyp01_Cont05_B50,390,08252025,2025,Hyp,01,Cont,05,B,50,1088.5,2753.6,NA,NA,1721.2026,NA,1032.3974,NA,NA,NA,NA,NA,NA,NA,NA,NA,NA
2024_Cont04_Cont05_W56,391,08252025,2025,Cont,04,Cont,05,W,56,1530.8,3701.9,NA,NA,2421.54042,NA,1280.35958,NA,NA,NA,NA,NA,NA,NA,NA,NA,NA
2024_Hyp06_Cont05_B59,392,08252025,2025,Hyp,06,Cont,05,B,59,1492.6,3485,NA,NA,2361.05454,NA,1123.94546,NA,NA,NA,NA,NA,NA,NA,NA,NA,NA
2024_Warm06_Cont05_G60,393,08252025,2025,Warm,06,Cont,05,G,60,913.5,2162.1,NA,NA,1444.1076,NA,717.9924,NA,NA,NA,NA,NA,NA,NA,NA,NA,NA
2024_Both05_Cont05_O58,394,08252025,2025,Both,05,Cont,05,O,58,3088.8,7294.4,NA,NA,4888.47762,NA,2405.92238,NA,NA,NA,NA,NA,NA,NA,NA,NA,NA
2024_Warm01_Cont05_G49,395,08252025,2025,Warm,01,Cont,05,G,49,1246.5,3389.7,NA,NA,1971.3798,NA,1418.3202,NA,NA,NA,NA,NA,NA,NA,NA,NA,NA
2024_Hyp02_Cont05_B52,396,08252025,2025,Hyp,02,Cont,05,B,52,852.4,2091.7,NA,NA,1347.36186,NA,744.33814,NA,NA,NA,NA,NA,NA,NA,NA,NA,NA
2024_Warm05_Cont05_G57,397,08252025,2025,Warm,05,Cont,05,G,57,1077.5,2489.7,NA,NA,1703.7852,NA,785.9148,NA,NA,NA,NA,NA,NA,NA,NA,NA,NA
2024_Both02_Cont05_O52,398,08252025,2025,Both,02,Cont,05,O,52,662.2,1593.9,NA,NA,1046.19918,NA,547.70082,NA,NA,NA,NA,NA,NA,NA,NA,NA,NA
2024_Hyp02_Cont05_B51,399,08252025,2025,Hyp,02,Cont,05,B,51,1293.9,3366.5,NA,NA,2046.43296,NA,1320.06704,NA,NA,NA,NA,NA,NA,NA,NA,NA,NA
2024_Cont05_Cont05_W58,400,08252025,2025,Cont,05,Cont,05,W,58,747.1,1810.3,NA,NA,1180.62984,NA,629.67016,NA,NA,NA,NA,NA,NA,NA,NA,NA,NA
2024_Hyp01_Cont05_B49,401,08252025,2025,Hyp,01,Cont,05,B,49,1347.3,3618.1,NA,NA,2130.98652,NA,1487.11348,NA,NA,NA,NA,NA,NA,NA,NA,NA,NA
2024_Both02_Cont05_O51,402,08252025,2025,Both,02,Cont,05,O,51,1800.8,4047.8,NA,Hit side of scale,2849.05842,NA,1198.74158,NA,NA,NA,NA,NA,NA,NA,NA,NA,NA
2024_Warm03_Cont05_G53,403,08252025,2025,Warm,03,Cont,05,G,53,1121.2,2849.2,NA,NA,1772.97978,NA,1076.22022,NA,NA,NA,NA,NA,NA,NA,NA,NA,NA
2024_Warm06_Cont05_G59,404,08252025,2025,Warm,06,Cont,05,G,59,1808.4,4490.6,NA,NA,2861.09226,NA,1629.50774,NA,NA,NA,NA,NA,NA,NA,NA,NA,NA
2024_Both06_Cont05_O59,405,08252025,2025,Both,06,Cont,05,O,59,1647,4015.3,NA,NA,2605.5315,NA,1409.7685,NA,NA,NA,NA,NA,NA,NA,NA,NA,NA
2024_Both06_Cont05_O60,406,08252025,2025,Both,06,Cont,05,O,60,806.7,1829.8,NA,NA,1275.00048,NA,554.79952,NA,NA,NA,NA,NA,NA,NA,NA,NA,NA
2024_Cont01_Cont05_W49,407,08252025,2025,Cont,01,Cont,05,W,49,1402,3307.3,NA,NA,2217.5985,NA,1089.7015,NA,NA,NA,NA,NA,NA,NA,NA,NA,NA
2024_Both03_Cont05_O54,408,08252025,2025,Both,03,Cont,05,O,54,3219,7533.1,NA,NA,5094.6363,NA,2438.4637,NA,NA,NA,NA,NA,NA,NA,NA,NA,NA
2024_NANA_Cont05_NANA,409,08252025,2025,NA,NA,Cont,05,NA,NA,2903.4,6618.2,NA,"Untagged, found W57 tag in meso",4594.91526,NA,2023.28474,NA,NA,NA,NA,NA,NA,NA,NA,NA,NA
2024_Both03_Warm05_O54,410,08252025,2025,Both,03,Warm,05,O,54,1096.3,2645.7,NA,NA,1733.55312,NA,912.14688,NA,NA,NA,NA,NA,NA,NA,NA,NA,NA
2024_Both05_Warm05_O57,411,08252025,2025,Both,05,Warm,05,O,57,1654.2,3941.1,NA,NA,2616.93198,NA,1324.16802,NA,NA,NA,NA,NA,NA,NA,NA,NA,NA
2024_Hyp05_Warm05_B57,412,08252025,2025,Hyp,05,Warm,05,B,57,1754,4165.6,NA,"Bee tag came off when putting back, has a round indent",2774.9553,NA,1390.6447,NA,NA,NA,NA,NA,NA,NA,NA,NA,NA
2024_Both04_Warm05_O56,413,08252025,2025,Both,04,Warm,05,O,56,1554,3564.9,NA,NA,2458.2753,NA,1106.6247,NA,NA,NA,NA,NA,NA,NA,NA,NA,NA
2024_Warm05_Warm05_G57,414,08252025,2025,Warm,05,Warm,05,G,57,1152.5,2734.5,NA,NA,1822.5402,NA,911.9598,NA,NA,NA,NA,NA,NA,NA,NA,NA,NA
2024_Warm02_Warm05_G51,415,08252025,2025,Warm,02,Warm,05,G,51,1878,4516.3,NA,NA,2971.2969,NA,1545.0031,NA,NA,NA,NA,NA,NA,NA,NA,NA,NA
2024_Warm01_Warm05_G50,416,08252025,2025,Warm,01,Warm,05,G,50,804.6,1913.9,NA,NA,1271.67534,NA,642.22466,NA,NA,NA,NA,NA,NA,NA,NA,NA,NA
2024_Warm06_Warm05_G59,417,08252025,2025,Warm,06,Warm,05,G,59,1038.4,2452.2,NA,NA,1641.87426,NA,810.32574,NA,NA,NA,NA,NA,NA,NA,NA,NA,NA
2024_Cont05_Warm05_W58,418,08252025,2025,Cont,05,Warm,05,W,58,1869.9,4607.1,NA,"Dropped on lap, shell flaked",2958.47136,NA,1648.62864,NA,NA,NA,NA,NA,NA,NA,NA,NA,NA
2024_Both05_Warm05_O58,419,08252025,2025,Both,05,Warm,05,O,58,855,1888.2,NA,NA,1351.4787,NA,536.7213,NA,NA,NA,NA,NA,NA,NA,NA,NA,NA
2024_Hyp03_Warm05_B53,420,08252025,2025,Hyp,03,Warm,05,B,53,950.3,2148.2,NA,NA,1502.37672,NA,645.82328,NA,NA,NA,NA,NA,NA,NA,NA,NA,NA
2024_Cont06_Warm05_W60,421,08252025,2025,Cont,06,Warm,05,W,60,1662.2,4076.6,NA,NA,2629.59918,NA,1447.00082,NA,NA,NA,NA,NA,NA,NA,NA,NA,NA
2024_Cont01_Warm05_W50,422,08252025,2025,Cont,01,Warm,05,W,50,863.6,1922.1,NA,NA,1365.09594,NA,557.00406,NA,NA,NA,NA,NA,NA,NA,NA,NA,NA
2024_Cont01_Warm05_W49,423,08252025,2025,Cont,01,Warm,05,W,49,864.3,2091.6,NA,NA,1366.20432,NA,725.39568,NA,NA,NA,NA,NA,NA,NA,NA,NA,NA
2024_Hyp06_Warm05_B60,424,08252025,2025,Hyp,06,Warm,05,B,60,900.1,2105.7,NA,NA,1422.89004,NA,682.80996,NA,NA,NA,NA,NA,NA,NA,NA,NA,NA
2024_Cont06_Warm05_W59,425,08252025,2025,Cont,06,Warm,05,W,59,1056.5,2670.2,NA,"Accidentally put these back in the water, wating another 1 hour after patting dry so they aren't out of the water too long",1670.5338,NA,999.6662,NA,NA,NA,NA,NA,NA,NA,NA,NA,NA
2024_Both03_Warm05_O53,426,08252025,2025,Both,03,Warm,05,O,53,528.4,1260,NA,"Accidentally put these back in the water, wating another 1 hour after patting dry so they aren't out of the water too long",834.34026,NA,425.65974,NA,NA,NA,NA,NA,NA,NA,NA,NA,NA
2024_Hyp03_Warm05_B54,427,08252025,2025,Hyp,03,Warm,05,B,54,1445.3,3368.8,NA,"Accidentally put these back in the water, wating another 1 hour after patting dry so they aren't out of the water too long",2286.15972,NA,1082.64028,NA,NA,NA,NA,NA,NA,NA,NA,NA,NA
2024_Hyp05_Warm05_B58,428,08252025,2025,Hyp,05,Warm,05,B,58,366.8,836.2,NA,"Accidentally put these back in the water, wating another 1 hour after patting dry so they aren't out of the water too long",578.46282,NA,257.73718,NA,NA,NA,NA,NA,NA,NA,NA,NA,NA
2024_NANA_Warm05_NANA,429,08252025,2025,NA,NA,Warm,05,NA,NA,NA,NA,Dead,"Dead, found a G58 tag floating around in this meso",NA,NA,NA,NA,NA,NA,NA,NA,NA,NA,NA,NA,Y
2024_Warm06_Warm05_G60,430,08252025,2025,Warm,06,Warm,05,G,60,NA,NA,Dead,Dead,NA,NA,NA,NA,NA,NA,NA,NA,NA,NA,NA,NA,Y
2024_Hyp02_Warm05_B51,431,08252025,2025,Hyp,02,Warm,05,B,51,NA,NA,Dead,Dead,NA,NA,NA,NA,NA,NA,NA,NA,NA,NA,NA,NA,Y
2024_Cont03_Warm05_W54,432,08252025,2025,Cont,03,Warm,05,W,54,NA,NA,Dead,Dead,NA,NA,NA,NA,NA,NA,NA,NA,NA,NA,NA,NA,Y
2024_Warm02_Hyp05_G52,433,08252025,2025,Warm,02,Hyp,05,G,52,1910.8,4562.6,NA,Pulled off meso lid mesh,3023.23242,NA,1539.36758,NA,NA,NA,NA,NA,NA,NA,NA,NA,NA
2024_Cont06_Hyp05_W59,434,08252025,2025,Cont,06,Hyp,05,W,59,1366.8,3152.4,NA,Pulled off meso lid mesh,2161.86282,NA,990.53718,NA,NA,NA,NA,NA,NA,NA,NA,NA,NA
2024_Both05_Hyp05_O58,435,08252025,2025,Both,05,Hyp,05,O,58,1306.5,3243.4,NA,NA,2066.3838,NA,1177.0162,NA,NA,NA,NA,NA,NA,NA,NA,NA,NA
2024_Hyp03_Hyp05_B53,436,08252025,2025,Hyp,03,Hyp,05,B,53,1407.3,3300,NA,7/27 changed to B53 after rechecking oysters in mesos,2225.99052,NA,1074.00948,NA,NA,NA,NA,NA,NA,NA,NA,NA,NA
2024_Warm06_Hyp05_G59,437,08252025,2025,Warm,06,Hyp,05,G,59,2244.9,5887.1,NA,NA,3552.24636,NA,2334.85364,NA,NA,NA,NA,NA,NA,NA,NA,NA,NA
2024_Cont01_Hyp05_W50,438,08252025,2025,Cont,01,Hyp,05,W,50,2052.5,5159.2,NA,NA,3247.6002,NA,1911.5998,NA,NA,NA,NA,NA,NA,NA,NA,NA,NA
2024_Hyp01_Hyp05_B49,439,08252025,2025,Hyp,01,Hyp,05,B,49,1784.9,4188.8,NA,NA,2823.88236,NA,1364.91764,NA,NA,NA,NA,NA,NA,NA,NA,NA,NA
2024_NANA_Hyp05_NANA,440,08252025,2025,NA,NA,Hyp,05,NA,NA,1652.4,3991.5,NA,Untagged,2614.08186,NA,1377.41814,NA,NA,NA,NA,NA,NA,NA,NA,NA,NA
2024_Hyp05_Hyp05_B57,441,08252025,2025,Hyp,05,Hyp,05,B,57,1718.4,3684.7,NA,NA,2718.58626,NA,966.11374,NA,NA,NA,NA,NA,NA,NA,NA,NA,NA
2024_Hyp04_Hyp05_B55,442,08252025,2025,Hyp,04,Hyp,05,B,55,2548.5,5923.6,NA,NA,4032.9666,NA,1890.6334,NA,NA,NA,NA,NA,NA,NA,NA,NA,NA
2024_Cont02_Hyp05_W51,443,08252025,2025,Cont,02,Hyp,05,W,51,849.8,1926.8,NA,NA,1343.24502,NA,583.55498,NA,NA,NA,NA,NA,NA,NA,NA,NA,NA
2024_Warm06_Hyp05_G60,444,08252025,2025,Warm,06,Hyp,05,G,60,1233.6,2810.8,NA,NA,1950.95394,NA,859.84606,NA,NA,NA,NA,NA,NA,NA,NA,NA,NA
2024_Both05_Hyp05_O57,445,08252025,2025,Both,05,Hyp,05,O,57,872.1,2416.4,NA,NA,1378.55484,NA,1037.84516,NA,NA,NA,NA,NA,NA,NA,NA,NA,NA
2024_Both06_Hyp05_O59,446,08252025,2025,Both,06,Hyp,05,O,59,1281.9,2957.7,NA,Stuck to another w/a mussel,2027.43216,NA,930.26784,NA,NA,NA,NA,NA,NA,NA,NA,NA,NA
2024_Cont02_Hyp05_W52,447,08252025,2025,Cont,02,Hyp,05,W,52,957.4,2173.1,NA,Stuck to another w/a mussel,1513.61886,NA,659.48114,NA,NA,NA,NA,NA,NA,NA,NA,NA,NA
2024_Warm03_Hyp05_G54,448,08252025,2025,Warm,03,Hyp,05,G,54,509.7,1199.2,NA,NA,804.73068,NA,394.46932,NA,NA,NA,NA,NA,NA,NA,NA,NA,NA
2024_Both03_Hyp05_O53,449,08252025,2025,Both,03,Hyp,05,O,53,650.6,1491.9,NA,NA,1027.83174,NA,464.06826,NA,NA,NA,NA,NA,NA,NA,NA,NA,NA
2024_Warm05_Hyp05_G58,450,08252025,2025,Warm,05,Hyp,05,G,58,473.4,1177.2,NA,NA,747.25326,NA,429.94674,NA,NA,NA,NA,NA,NA,NA,NA,NA,NA
2024_Cont01_Hyp05_W49,451,08252025,2025,Cont,01,Hyp,05,W,49,608.5,1345.7,NA,NA,961.1706,NA,384.5294,NA,NA,NA,NA,NA,NA,NA,NA,NA,NA
2024_Both03_Hyp05_O54,452,08252025,2025,Both,03,Hyp,05,O,54,1536.1,3537.1,NA,NA,2429.93244,NA,1107.16756,NA,NA,NA,NA,NA,NA,NA,NA,NA,NA
2024_NANA_Hyp05_NANA,453,08252025,2025,NA,NA,Hyp,05,NA,NA,NA,NA,Dead,Dead,NA,NA,NA,NA,NA,NA,NA,NA,NA,NA,NA,NA,Y
2024_Hyp04_Hyp05_B56,454,08252025,2025,Hyp,04,Hyp,05,B,56,NA,NA,Dead,"Dead, 7/27 fixed from B55 to B56",NA,NA,NA,NA,NA,NA,NA,NA,NA,NA,NA,NA,Y
2024_Warm02_Hyp05_G51,455,08252025,2025,Warm,02,Hyp,05,G,51,NA,NA,Dead,Dead,NA,NA,NA,NA,NA,NA,NA,NA,NA,NA,NA,NA,Y
2024_Hyp05_Hyp05_B58,456,08252025,2025,Hyp,05,Hyp,05,B,58,NA,NA,Dead,Dead,NA,NA,NA,NA,NA,NA,NA,NA,NA,NA,NA,NA,Y
2024_NANA_Both05_NANA,457,08252025,2025,NA,NA,Both,05,NA,NA,1486.2,4286.2,NA,Extra W60 tag found in meso,2350.92078,NA,1935.27922,NA,NA,NA,NA,NA,NA,NA,NA,NA,NA
2024_Both01_Both05_O49,458,08252025,2025,Both,01,Both,05,O,49,726.4,1811.5,NA,NA,1147.85346,NA,663.64654,NA,NA,NA,NA,NA,NA,NA,NA,NA,NA
2024_Both03_Both05_O54,459,08252025,2025,Both,03,Both,05,O,54,368,903.8,NA,NA,580.3629,NA,323.4371,NA,NA,NA,NA,NA,NA,NA,NA,NA,NA
2024_Warm02_Both05_G51,460,08252025,2025,Warm,02,Both,05,G,51,716.6,1771.9,NA,NA,1132.33614,NA,639.56386,NA,NA,NA,NA,NA,NA,NA,NA,NA,NA
2024_Both05_Both05_O58,461,08252025,2025,Both,05,Both,05,O,58,1288.2,2852.5,NA,NA,2037.40758,NA,815.09242,NA,NA,NA,NA,NA,NA,NA,NA,NA,NA
2024_Both03_Both05_O53,462,08252025,2025,Both,03,Both,05,O,53,293.9,680.2,NA,NA,463.03296,NA,217.16704,NA,NA,NA,NA,NA,NA,NA,NA,NA,NA
2024_Cont05_Both05_W58,463,08252025,2025,Cont,05,Both,05,W,58,1544.7,3334.1,NA,NA,2443.54968,NA,890.55032,NA,NA,NA,NA,NA,NA,NA,NA,NA,NA
2024_Both01_Both05_O50,464,08252025,2025,Both,01,Both,05,O,50,726.2,1682.6,NA,NA,1147.53678,NA,535.06322,NA,NA,NA,NA,NA,NA,NA,NA,NA,NA
2024_Warm01_Both05_G49,465,08252025,2025,Warm,01,Both,05,G,49,659.9,1570.8,NA,NA,1042.55736,NA,528.24264,NA,NA,NA,NA,NA,NA,NA,NA,NA,NA
2024_Cont05_Both05_W57,466,08252025,2025,Cont,05,Both,05,W,57,415.5,989.7,NA,NA,655.5744,NA,334.1256,NA,NA,NA,NA,NA,NA,NA,NA,NA,NA
2024_Both04_Both05_O55,467,08252025,2025,Both,04,Both,05,O,55,360.9,914.8,NA,NA,569.12076,NA,345.67924,NA,NA,NA,NA,NA,NA,NA,NA,NA,NA
2024_Cont03_Both05_W53,468,08252025,2025,Cont,03,Both,05,W,53,241.8,575.5,NA,NA,380.53782,NA,194.96218,NA,NA,NA,NA,NA,NA,NA,NA,NA,NA
2024_Hyp05_Both05_B57,469,08252025,2025,Hyp,05,Both,05,B,57,929.7,2146.8,NA,NA,1469.75868,NA,677.04132,NA,NA,NA,NA,NA,NA,NA,NA,NA,NA
2024_Warm06_Both05_G59,470,08252025,2025,Warm,06,Both,05,G,59,482.4,1152.9,NA,NA,761.50386,NA,391.39614,NA,NA,NA,NA,NA,NA,NA,NA,NA,NA
2024_Warm05_Both05_G58,471,08252025,2025,Warm,05,Both,05,G,58,622.9,1482.4,NA,NA,983.97156,NA,498.42844,NA,NA,NA,NA,NA,NA,NA,NA,NA,NA
2024_Warm01_Both05_G50,472,08252025,2025,Warm,01,Both,05,G,50,1123.3,2820,NA,NA,1776.30492,NA,1043.69508,NA,NA,NA,NA,NA,NA,NA,NA,NA,NA
2024_Cont02_Both05_W51,473,08252025,2025,Cont,02,Both,05,W,51,982.5,2206,NA,NA,1553.3622,NA,652.6378,NA,NA,NA,NA,NA,NA,NA,NA,NA,NA
2024_Hyp06_Both05_B59,474,08252025,2025,Hyp,06,Both,05,B,59,336.2,1194.1,NA,NA,530.01078,NA,664.08922,NA,NA,NA,NA,NA,NA,NA,NA,NA,NA
2024_Hyp06_Both05_B60,475,08252025,2025,Hyp,06,Both,05,B,60,216.9,576.9,NA,NA,341.11116,NA,235.78884,NA,NA,NA,NA,NA,NA,NA,NA,NA,NA
2024_Hyp03_Both05_B53,476,08252025,2025,Hyp,03,Both,05,B,53,996.8,2287.1,NA,Pulled cleanly off mesh but was still stuck to it,1576.00482,NA,711.09518,NA,NA,NA,NA,NA,NA,NA,NA,NA,NA
2024_Hyp03_Both05_B54,477,08252025,2025,Hyp,03,Both,05,B,54,442.4,1107.3,NA,NA,698.16786,NA,409.13214,NA,NA,NA,NA,NA,NA,NA,NA,NA,NA
2024_NANA_Both05_NANA,478,08252025,2025,NA,NA,Both,05,NA,NA,NA,NA,Dead,"Dead,extra W60 tag found in small dead oyster on the inside",NA,NA,NA,NA,NA,NA,NA,NA,NA,NA,NA,NA,Y
2024_Hyp01_Both05_B50,479,08252025,2025,Hyp,01,Both,05,B,50,NA,NA,Dead,Dead,NA,NA,NA,NA,NA,NA,NA,NA,NA,NA,NA,NA,Y
2024_Cont06_Both05_W59,480,08252025,2025,Cont,06,Both,05,W,59,NA,NA,Dead,Dead,NA,NA,NA,NA,NA,NA,NA,NA,NA,NA,NA,NA,Y
2024_Cont06_Cont06_W71,481,08252025,2025,Cont,06,Cont,06,W,71,770.5,1795.8,NA,Double,1217.6814,NA,578.1186,NA,NA,NA,NA,NA,NA,NA,NA,NA,NA
2024_Hyp06_Cont06_B72,482,08252025,2025,Hyp,06,Cont,06,B,72,934.5,2279.2,NA,NA,1477.359,NA,801.841,NA,NA,NA,NA,NA,NA,NA,NA,NA,NA
2024_Warm03_Cont06_G66,483,08252025,2025,Warm,03,Cont,06,G,66,1213.3,2860.5,NA,NA,1918.81092,NA,941.68908,NA,NA,NA,NA,NA,NA,NA,NA,NA,NA
2024_Cont01_Cont06_W62,484,08252025,2025,Cont,01,Cont,06,W,62,962.7,2365,NA,NA,1522.01088,NA,842.98912,NA,NA,NA,NA,NA,NA,NA,NA,NA,NA
2024_Warm03_Cont06_G65,485,08252025,2025,Warm,03,Cont,06,G,65,1553.5,3915.7,NA,NA,2457.4836,NA,1458.2164,NA,NA,NA,NA,NA,NA,NA,NA,NA,NA
2024_Warm04_Cont06_G68,486,08252025,2025,Warm,04,Cont,06,G,68,565.8,1373,Dead,"Dead, found while nutrient processing @ CBL",893.55942,NA,479.44058,NA,NA,NA,NA,NA,NA,NA,NA,NA,Y
2024_Cont02_Cont06_W64,487,08252025,2025,Cont,02,Cont,06,W,64,749.8,1563.5,NA,NA,1184.90502,NA,378.59498,NA,NA,NA,NA,NA,NA,NA,NA,NA,NA
2024_Hyp04_Cont06_B67,488,08252025,2025,Hyp,04,Cont,06,B,67,1066.8,2429.8,NA,Double? I think there is 1.5,1686.84282,NA,742.95718,NA,NA,NA,NA,NA,NA,NA,NA,NA,NA
2024_Both05_Cont06_O69,489,08252025,2025,Both,05,Cont,06,O,69,720.2,1840.3,NA,NA,1138.03638,NA,702.26362,NA,NA,NA,NA,NA,NA,NA,NA,NA,NA
2024_Cont01_Cont06_W61,490,08252025,2025,Cont,01,Cont,06,W,61,759.4,1747.5,NA,NA,1200.10566,NA,547.39434,NA,NA,NA,NA,NA,NA,NA,NA,NA,NA
2024_Hyp05_Cont06_B69,491,08252025,2025,Hyp,05,Cont,06,B,69,572.3,1361.8,NA,NA,903.85152,NA,457.94848,NA,NA,NA,NA,NA,NA,NA,NA,NA,NA
2024_Hyp06_Cont06_B71,492,08252025,2025,Hyp,06,Cont,06,B,71,396,976,NA,NA,624.6981,NA,351.3019,NA,NA,NA,NA,NA,NA,NA,NA,NA,NA
2024_Hyp03_Cont06_B65,493,08252025,2025,Hyp,03,Cont,06,B,65,1076.6,2578.3,NA,NA,1702.36014,NA,875.93986,NA,NA,NA,NA,NA,NA,NA,NA,NA,NA
2024_Cont03_Cont06_W66,494,08252025,2025,Cont,03,Cont,06,W,66,793.1,1789.5,NA,NA,1253.46624,NA,536.03376,NA,NA,NA,NA,NA,NA,NA,NA,NA,NA
2024_Hyp05_Cont06_B70,495,08252025,2025,Hyp,05,Cont,06,B,70,677.6,1703.9,NA,NA,1070.58354,NA,633.31646,NA,NA,NA,NA,NA,NA,NA,NA,NA,NA
2024_Warm05_Cont06_G70,496,08252025,2025,Warm,05,Cont,06,G,70,618,1347.3,NA,NA,976.2129,NA,371.0871,NA,NA,NA,NA,NA,NA,NA,NA,NA,NA
2024_Both01_Cont06_O62,497,08252025,2025,Both,01,Cont,06,O,62,1107.9,2519.6,NA,NA,1751.92056,NA,767.67944,NA,NA,NA,NA,NA,NA,NA,NA,NA,NA
2024_Cont03_Cont06_W65,498,08252025,2025,Cont,03,Cont,06,W,65,803.3,2090.4,NA,NA,1269.61692,NA,820.78308,NA,NA,NA,NA,NA,NA,NA,NA,NA,NA
2024_Warm02_Cont06_G64,499,08252025,2025,Warm,02,Cont,06,G,64,1990,4553.7,NA,NA,3148.6377,NA,1405.0623,NA,NA,NA,NA,NA,NA,NA,NA,NA,NA
2024_Both02_Cont06_O64,500,08252025,2025,Both,02,Cont,06,O,64,297.6,708.3,NA,NA,468.89154,NA,239.40846,NA,NA,NA,NA,NA,NA,NA,NA,NA,NA
2024_Both04_Cont06_O68,501,08252025,2025,Both,04,Cont,06,O,68,756.6,2005.4,NA,NA,1195.67214,NA,809.72786,NA,NA,NA,NA,NA,NA,NA,NA,NA,NA
2024_Both01_Cont06_O61,502,08252025,2025,Both,01,Cont,06,O,61,1658.8,3751.4,NA,Had to pull off of meso mesh,2624.21562,NA,1127.18438,NA,NA,NA,NA,NA,NA,NA,NA,NA,NA
2024_Both05_Cont06_O70,503,08252025,2025,Both,05,Cont,06,O,70,882.9,2200.3,NA,"Had to pull off of meso mesh, stuck to mesh",1395.65556,NA,804.64444,NA,NA,NA,NA,NA,NA,NA,NA,NA,NA
2024_Hyp01_Warm06_B62,504,08252025,2025,Hyp,01,Warm,06,B,62,2536.2,7014,NA,NA,4013.49078,NA,3000.50922,NA,NA,NA,NA,NA,NA,NA,NA,NA,NA
2024_Warm04_Warm06_G68,505,08252025,2025,Warm,04,Warm,06,G,68,606.9,1449.6,NA,NA,958.63716,NA,490.96284,NA,NA,NA,NA,NA,NA,NA,NA,NA,NA
2024_Hyp02_Warm06_B63,506,08252025,2025,Hyp,02,Warm,06,B,63,1204.1,3624,NA,NA,1904.24364,NA,1719.75636,NA,NA,NA,NA,NA,NA,NA,NA,NA,NA
2024_Cont04_Warm06_W68,507,08252025,2025,Cont,04,Warm,06,W,68,1377.1,3098.6,NA,NA,2178.17184,NA,920.42816,NA,NA,NA,NA,NA,NA,NA,NA,NA,NA
2024_Hyp02_Warm06_B64,508,08252025,2025,Hyp,02,Warm,06,B,64,855.7,2115.9,NA,NA,1352.58708,NA,763.31292,NA,NA,NA,NA,NA,NA,NA,NA,NA,NA
2024_Cont05_Warm06_W69,509,08252025,2025,Cont,05,Warm,06,W,69,881.3,1980.5,NA,NA,1393.12212,NA,587.37788,NA,NA,NA,NA,NA,NA,NA,NA,NA,NA
2024_Both01_Warm06_O62,510,08252025,2025,Both,01,Warm,06,O,62,818.5,1891.8,NA,NA,1293.6846,NA,598.1154,NA,NA,NA,NA,NA,NA,NA,NA,NA,NA
2024_Warm06_Warm06_G71,511,08252025,2025,Warm,06,Warm,06,G,71,635.5,1368.8,NA,NA,1003.9224,NA,364.8776,NA,NA,NA,NA,NA,NA,NA,NA,NA,NA
2024_Both03_Warm06_O65,512,08252025,2025,Both,03,Warm,06,O,65,1062.7,2545.7,NA,NA,1680.35088,NA,865.34912,NA,NA,NA,NA,NA,NA,NA,NA,NA,NA
2024_Cont03_Warm06_W65,513,08252025,2025,Cont,03,Warm,06,W,65,911.3,1973.1,NA,NA,1440.62412,NA,532.47588,NA,NA,NA,NA,NA,NA,NA,NA,NA,NA
2024_Both02_Warm06_O63,514,08252025,2025,Both,02,Warm,06,O,63,957.1,2168.4,NA,NA,1513.14384,NA,655.25616,NA,NA,NA,NA,NA,NA,NA,NA,NA,NA
2024_Warm03_Warm06_G66,515,08252025,2025,Warm,03,Warm,06,G,66,1413.7,3407,NA,NA,2236.12428,NA,1170.87572,NA,NA,NA,NA,NA,NA,NA,NA,NA,NA
2024_Hyp04_Warm06_B67,516,08252025,2025,Hyp,04,Warm,06,B,67,499.5,1086.2,NA,NA,788.58,NA,297.62,NA,NA,NA,NA,NA,NA,NA,NA,NA,NA
2024_Both02_Warm06_O64,517,08252025,2025,Both,02,Warm,06,O,64,410.4,1012.7,NA,NA,647.49906,NA,365.20094,NA,NA,NA,NA,NA,NA,NA,NA,NA,NA
2024_Both01_Warm06_O61,518,08252025,2025,Both,01,Warm,06,O,61,839.9,1862.3,NA,NA,1327.56936,NA,534.73064,NA,NA,NA,NA,NA,NA,NA,NA,NA,NA
2024_Cont05_Warm06_W70,519,08252025,2025,Cont,05,Warm,06,W,70,757.8,1725.7,NA,NA,1197.57222,NA,528.12778,NA,NA,NA,NA,NA,NA,NA,NA,NA,NA
2024_Hyp04_Warm06_B68,520,08252025,2025,Hyp,04,Warm,06,B,68,883.1,1997.4,NA,NA,1395.97224,NA,601.42776,NA,NA,NA,NA,NA,NA,NA,NA,NA,NA
2024_Both06_Warm06_O71,521,08252025,2025,Both,06,Warm,06,O,71,394.7,909.6,NA,NA,622.63968,NA,286.96032,NA,NA,NA,NA,NA,NA,NA,NA,NA,NA
2024_Cont02_Warm06_W64,522,08252025,2025,Cont,02,Warm,06,W,64,357.3,795.5,NA,NA,563.42052,NA,232.07948,NA,NA,NA,NA,NA,NA,NA,NA,NA,NA
2024_Hyp05_Warm06_B70,523,08252025,2025,Hyp,05,Warm,06,B,70,650.4,1422.5,NA,NA,1027.51506,NA,394.98494,NA,NA,NA,NA,NA,NA,NA,NA,NA,NA
2024_Cont03_Warm06_W66,524,08252025,2025,Cont,03,Warm,06,W,66,421.2,995.2,NA,NA,664.59978,NA,330.60022,NA,NA,NA,NA,NA,NA,NA,NA,NA,NA
2024_Warm03_Warm06_G65,525,08252025,2025,Warm,03,Warm,06,G,65,1184,3100,NA,Small piece of shell broke off after buoyant weight,1872.4173,NA,1227.5827,NA,NA,NA,NA,NA,NA,NA,NA,NA,NA
2024_Warm04_Warm06_G67,526,08252025,2025,Warm,04,Warm,06,G,67,763.4,1874,NA,NA,1206.43926,NA,667.56074,NA,NA,NA,NA,NA,NA,NA,NA,NA,NA
2024_NANA_Warm06_NANA,527,08252025,2025,NA,NA,Warm,06,NA,NA,NA,NA,Dead,Half of an untagged dead shell (G70?),NA,NA,NA,NA,NA,NA,NA,NA,NA,NA,NA,NA,Y
2024_Warm04_Hyp06_G68,528,08252025,2025,Warm,04,Hyp,06,G,68,717.2,1875.1,NA,NA,1133.28618,NA,741.81382,NA,NA,NA,NA,NA,NA,NA,NA,NA,NA
2024_Hyp02_Hyp06_B64,529,08252025,2025,Hyp,02,Hyp,06,B,64,988.1,2505.2,NA,NA,1562.22924,NA,942.97076,NA,NA,NA,NA,NA,NA,NA,NA,NA,NA
2024_Cont06_Hyp06_W71,530,08252025,2025,Cont,06,Hyp,06,W,71,880.1,2159.3,NA,NA,1391.22204,NA,768.07796,NA,NA,NA,NA,NA,NA,NA,NA,NA,NA
2024_Cont05_Hyp06_W70,531,08252025,2025,Cont,05,Hyp,06,W,70,715.8,1693.4,NA,NA,1131.06942,NA,562.33058,NA,NA,NA,NA,NA,NA,NA,NA,NA,NA
2024_Both04_Hyp06_O68,532,08252025,2025,Both,04,Hyp,06,O,68,1187.8,2719.3,NA,NA,1878.43422,NA,840.86578,NA,NA,NA,NA,NA,NA,NA,NA,NA,NA
2024_Cont06_Hyp06_W72,533,08252025,2025,Cont,06,Hyp,06,W,72,432.2,981.6,NA,NA,682.01718,NA,299.58282,NA,NA,NA,NA,NA,NA,NA,NA,NA,NA
2024_Warm02_Hyp06_G63,534,08252025,2025,Warm,02,Hyp,06,G,63,451.1,996.8,NA,NA,711.94344,NA,284.85656,NA,NA,NA,NA,NA,NA,NA,NA,NA,NA
2024_Hyp01_Hyp06_B62,535,08252025,2025,Hyp,01,Hyp,06,B,62,981.1,2299.4,NA,Shell broke,1551.14544,NA,748.25456,NA,NA,NA,NA,NA,NA,NA,NA,NA,NA
2024_Cont03_Hyp06_W66,536,08252025,2025,Cont,03,Hyp,06,W,66,544.6,1208.8,NA,NA,859.99134,NA,348.80866,NA,NA,NA,NA,NA,NA,NA,NA,NA,NA
2024_Hyp06_Hyp06_B72,537,08252025,2025,Hyp,06,Hyp,06,B,72,294.7,735.2,NA,NA,464.29968,NA,270.90032,NA,NA,NA,NA,NA,NA,NA,NA,NA,NA
2024_Warm01_Hyp06_G61,538,08252025,2025,Warm,01,Hyp,06,G,61,571,1303.1,NA,NA,901.7931,NA,401.3069,NA,NA,NA,NA,NA,NA,NA,NA,NA,NA
2024_Warm04_Hyp06_G67,539,08252025,2025,Warm,04,Hyp,06,G,67,311.7,736.5,NA,NA,491.21748,NA,245.28252,NA,NA,NA,NA,NA,NA,NA,NA,NA,NA
2024_Both02_Hyp06_O64,540,08252025,2025,Both,02,Hyp,06,O,64,225.5,580.3,NA,NA,354.7284,NA,225.5716,NA,NA,NA,NA,NA,NA,NA,NA,NA,NA
2024_Warm05_Hyp06_G70,541,08252025,2025,Warm,05,Hyp,06,G,70,700.8,1735.5,NA,Looks like it had a small double that died- 2 shells of dead one attached,1107.31842,NA,628.18158,NA,NA,NA,NA,NA,NA,NA,NA,NA,NA
2024_Both02_Hyp06_O63,542,08252025,2025,Both,02,Hyp,06,O,63,707.4,1611.8,NA,NA,1117.76886,NA,494.03114,NA,NA,NA,NA,NA,NA,NA,NA,NA,NA
2024_Hyp06_Hyp06_B71,543,08252025,2025,Hyp,06,Hyp,06,B,71,222,537.1,NA,"Feels very light, might be dead",349.1865,NA,187.9135,NA,NA,NA,NA,NA,NA,NA,NA,NA,NA
2024_Hyp01_Hyp06_B61,544,08252025,2025,Hyp,01,Hyp,06,B,61,NA,NA,Dead,Dead,NA,NA,NA,NA,NA,NA,NA,NA,NA,NA,NA,NA,Y
2024_NANA_Hyp06_NANA,545,08252025,2025,NA,NA,Hyp,06,NA,NA,350.9,798.5,NA,Untagged,553.28676,NA,245.21324,NA,NA,NA,NA,NA,NA,NA,NA,NA,NA
2024_Both03_Hyp06_O65,546,08252025,2025,Both,03,Hyp,06,O,65,580.6,1322.3,NA,NA,916.99374,NA,405.30626,NA,NA,NA,NA,NA,NA,NA,NA,NA,NA
2024_Cont05_Hyp06_W69,547,08252025,2025,Cont,05,Hyp,06,W,69,1108.5,2586.1,NA,NA,1752.8706,NA,833.2294,NA,NA,NA,NA,NA,NA,NA,NA,NA,NA
2024_Both05_Hyp06_O69,548,08252025,2025,Both,05,Hyp,06,O,69,NA,NA,Dead,Dead,NA,NA,NA,NA,NA,NA,NA,NA,NA,NA,NA,NA,Y
2024_Both05_Hyp06_O70,549,08252025,2025,Both,05,Hyp,06,O,70,NA,NA,Dead,Dead,NA,NA,NA,NA,NA,NA,NA,NA,NA,NA,NA,NA,Y
2024_Both03_Both06_O66,550,08252025,2025,Both,03,Both,06,O,66,647.8,1532.4,NA,NA,1023.39822,NA,509.00178,NA,NA,NA,NA,NA,NA,NA,NA,NA,NA
2024_Warm06_Both06_G72,551,08252025,2025,Warm,06,Both,06,G,72,722.1,1732,NA,Pretty dirty on back,1141.04484,NA,590.95516,NA,NA,NA,NA,NA,NA,NA,NA,NA,NA
2024_Warm05_Both06_G70,552,08252025,2025,Warm,05,Both,06,G,70,542.6,1367.7,NA,NA,856.82454,NA,510.87546,NA,NA,NA,NA,NA,NA,NA,NA,NA,NA
2024_Hyp03_Both06_B66,553,08252025,2025,Hyp,03,Both,06,B,66,411.2,1041.6,NA,NA,648.76578,NA,392.83422,NA,NA,NA,NA,NA,NA,NA,NA,NA,NA
2024_Hyp05_Both06_B69,554,08252025,2025,Hyp,05,Both,06,B,69,328.6,779.6,NA,NA,517.97694,NA,261.62306,NA,NA,NA,NA,NA,NA,NA,NA,NA,NA
2024_Both06_Both06_O72,555,08252025,2025,Both,06,Both,06,O,72,1212.9,2983.1,NA,NA,1918.17756,NA,1064.92244,NA,NA,NA,NA,NA,NA,NA,NA,NA,NA
2024_Hyp03_Both06_B65,556,08252025,2025,Hyp,03,Both,06,B,65,1290.2,3450.5,NA,NA,2040.57438,NA,1409.92562,NA,NA,NA,NA,NA,NA,NA,NA,NA,NA
2024_Cont04_Both06_W68,557,08252025,2025,Cont,04,Both,06,W,68,655.7,1504.2,NA,"Bee tag very fouled, came off but weighed with it",1035.90708,NA,468.29292,NA,NA,NA,NA,NA,NA,NA,NA,NA,NA
2024_Hyp02_Both06_B63,558,08252025,2025,Hyp,02,Both,06,B,63,89.2,397.6,NA,NA,138.91098,NA,258.68902,NA,NA,NA,NA,NA,NA,NA,NA,NA,NA
2024_Hyp04_Both06_B67,559,08252025,2025,Hyp,04,Both,06,B,67,1056,2523.1,NA,NA,1669.7421,NA,853.3579,NA,NA,NA,NA,NA,NA,NA,NA,NA,NA
2024_Cont05_Both06_W70,560,08252025,2025,Cont,05,Both,06,W,70,651.6,1577.9,NA,NA,1029.41514,NA,548.48486,NA,NA,NA,NA,NA,NA,NA,NA,NA,NA
2024_Both01_Both06_O61,561,08252025,2025,Both,01,Both,06,O,61,346.2,799.6,NA,NA,545.84478,NA,253.75522,NA,NA,NA,NA,NA,NA,NA,NA,NA,NA
2024_Warm04_Both06_G68,562,08252025,2025,Warm,04,Both,06,G,68,356.4,882.2,NA,NA,561.99546,NA,320.20454,NA,NA,NA,NA,NA,NA,NA,NA,NA,NA
2024_Both02_Both06_O63,563,08252025,2025,Both,02,Both,06,O,63,505.8,1162.6,NA,NA,798.55542,NA,364.04458,NA,NA,NA,NA,NA,NA,NA,NA,NA,NA
2024_Cont02_Both06_W64,564,08252025,2025,Cont,02,Both,06,W,64,496.1,1151.6,NA,NA,783.19644,NA,368.40356,NA,NA,NA,NA,NA,NA,NA,NA,NA,NA
2024_Cont04_Both06_W67,565,08252025,2025,Cont,04,Both,06,W,67,146.5,373.5,NA,NA,229.6398,NA,143.8602,NA,NA,NA,NA,NA,NA,NA,NA,NA,NA
2024_Warm06_Both06_G71,566,08252025,2025,Warm,06,Both,06,G,71,601.3,1380.1,NA,NA,949.77012,NA,430.32988,NA,NA,NA,NA,NA,NA,NA,NA,NA,NA
2024_Warm03_Both06_G66,567,08252025,2025,Warm,03,Both,06,G,66,328.3,796.9,NA,NA,517.50192,NA,279.39808,NA,NA,NA,NA,NA,NA,NA,NA,NA,NA
2024_NANA_Both06_NANA,568,08252025,2025,NA,NA,Both,06,NA,NA,574,1271.3,NA,Untagged,906.5433,NA,364.7567,NA,NA,NA,NA,NA,NA,NA,NA,NA,NA
2024_Cont02_Both06_W63,569,08252025,2025,Cont,02,Both,06,W,63,409.3,986.2,NA,NA,645.75732,NA,340.44268,NA,NA,NA,NA,NA,NA,NA,NA,NA,NA
2024_Warm05_Both06_G69,570,08252025,2025,Warm,05,Both,06,G,69,522.5,1204.4,NA,NA,824.9982,NA,379.4018,NA,NA,NA,NA,NA,NA,NA,NA,NA,NA
2024_Hyp04_Both06_B68,571,08252025,2025,Hyp,04,Both,06,B,68,1264.1,3178.1,NA,NA,1999.24764,NA,1178.85236,NA,NA,NA,NA,NA,NA,NA,NA,NA,NA
2024_Both02_Both06_O64,572,08252025,2025,Both,02,Both,06,O,64,NA,NA,Dead,Dead,NA,NA,NA,NA,NA,NA,NA,NA,NA,NA,NA,NA,Y